
insert into owner(owner_id, first_name, last_name, mobile, email, notes) values (1, 'Owner First Name 1', 'Owner Last Name 1', '807338810', '1test@gmail.com', '');
insert into owner(owner_id, first_name, last_name, mobile, email, notes) values (2, 'Owner First Name 2', 'Owner Last Name 2', '476019876', '2test@gmail.com', '');
insert into owner(owner_id, first_name, last_name, mobile, email, notes) values (3, 'Owner First Name 3', 'Owner Last Name 3', '94001339', '3test@gmail.com', '');
insert into owner(owner_id, first_name, last_name, mobile, email, notes) values (4, 'Owner First Name 4', 'Owner Last Name 4', '230388601', '4test@gmail.com', '');
insert into owner(owner_id, first_name, last_name, mobile, email, notes) values (5, 'Owner First Name 5', 'Owner Last Name 5', '656467405', '5test@gmail.com', '');
insert into owner(owner_id, first_name, last_name, mobile, email, notes) values (6, 'Owner First Name 6', 'Owner Last Name 6', '404093183', '6test@gmail.com', '');
insert into owner(owner_id, first_name, last_name, mobile, email, notes) values (7, 'Owner First Name 7', 'Owner Last Name 7', '48943617', '7test@gmail.com', '');
insert into owner(owner_id, first_name, last_name, mobile, email, notes) values (8, 'Owner First Name 8', 'Owner Last Name 8', '57565537', '8test@gmail.com', '');
insert into owner(owner_id, first_name, last_name, mobile, email, notes) values (9, 'Owner First Name 9', 'Owner Last Name 9', '47260394', '9test@gmail.com', '');
insert into owner(owner_id, first_name, last_name, mobile, email, notes) values (10, 'Owner First Name 10', 'Owner Last Name 10', '891948852', '10test@gmail.com', '');

insert into animal(animal_id, owner_id, animal_type_id, name, age, weight) values (1, 1, 1, 'Animal 1', '01', '3001');
insert into animal(animal_id, owner_id, animal_type_id, name, age, weight) values (2, 2, 2, 'Animal 2', '581', '3061');
insert into animal(animal_id, owner_id, animal_type_id, name, age, weight) values (3, 3, 3, 'Animal 3', '361', '3771');
insert into animal(animal_id, owner_id, animal_type_id, name, age, weight) values (4, 4, 4, 'Animal 4', '341', '2591');
insert into animal(animal_id, owner_id, animal_type_id, name, age, weight) values (5, 5, 5, 'Animal 5', '401', '5501');
insert into animal(animal_id, owner_id, animal_type_id, name, age, weight) values (6, 6, 6, 'Animal 6', '161', '2391');
insert into animal(animal_id, owner_id, animal_type_id, name, age, weight) values (7, 7, 7, 'Animal 7', '161', '721');
insert into animal(animal_id, owner_id, animal_type_id, name, age, weight) values (8, 8, 8, 'Animal 8', '151', '5831');
insert into animal(animal_id, owner_id, animal_type_id, name, age, weight) values (9, 9, 9, 'Animal 9', '11', '5511');
insert into animal(animal_id, owner_id, animal_type_id, name, age, weight) values (10, 10, 10, 'Animal 10', '441', '1461');
insert into animal(animal_id, owner_id, animal_type_id, name, age, weight) values (11, 1, 1, 'Animal 11', '291', '2131');
insert into animal(animal_id, owner_id, animal_type_id, name, age, weight) values (12, 2, 2, 'Animal 12', '11', '2191');
insert into animal(animal_id, owner_id, animal_type_id, name, age, weight) values (13, 3, 3, 'Animal 13', '261', '4001');
insert into animal(animal_id, owner_id, animal_type_id, name, age, weight) values (14, 4, 4, 'Animal 14', '311', '501');
insert into animal(animal_id, owner_id, animal_type_id, name, age, weight) values (15, 5, 5, 'Animal 15', '241', '441');
insert into animal(animal_id, owner_id, animal_type_id, name, age, weight) values (16, 6, 6, 'Animal 16', '451', '1371');
insert into animal(animal_id, owner_id, animal_type_id, name, age, weight) values (17, 7, 7, 'Animal 17', '91', '5221');
insert into animal(animal_id, owner_id, animal_type_id, name, age, weight) values (18, 8, 8, 'Animal 18', '361', '811');
insert into animal(animal_id, owner_id, animal_type_id, name, age, weight) values (19, 9, 9, 'Animal 19', '591', '3591');
insert into animal(animal_id, owner_id, animal_type_id, name, age, weight) values (20, 10, 10, 'Animal 20', '591', '2441');
insert into animal(animal_id, owner_id, animal_type_id, name, age, weight) values (21, 1, 1, 'Animal 21', '31', '1221');
insert into animal(animal_id, owner_id, animal_type_id, name, age, weight) values (22, 2, 2, 'Animal 22', '241', '1891');
insert into animal(animal_id, owner_id, animal_type_id, name, age, weight) values (23, 3, 3, 'Animal 23', '21', '5881');
insert into animal(animal_id, owner_id, animal_type_id, name, age, weight) values (24, 4, 4, 'Animal 24', '431', '2951');
insert into animal(animal_id, owner_id, animal_type_id, name, age, weight) values (25, 5, 5, 'Animal 25', '271', '2911');
insert into animal(animal_id, owner_id, animal_type_id, name, age, weight) values (26, 6, 6, 'Animal 26', '361', '3491');
insert into animal(animal_id, owner_id, animal_type_id, name, age, weight) values (27, 7, 7, 'Animal 27', '191', '4511');
insert into animal(animal_id, owner_id, animal_type_id, name, age, weight) values (28, 8, 8, 'Animal 28', '161', '1871');
insert into animal(animal_id, owner_id, animal_type_id, name, age, weight) values (29, 9, 9, 'Animal 29', '361', '5881');
insert into animal(animal_id, owner_id, animal_type_id, name, age, weight) values (30, 10, 10, 'Animal 30', '171', '3191');
insert into animal(animal_id, owner_id, animal_type_id, name, age, weight) values (31, 1, 1, 'Animal 31', '381', '2731');
insert into animal(animal_id, owner_id, animal_type_id, name, age, weight) values (32, 2, 2, 'Animal 32', '471', '1941');
insert into animal(animal_id, owner_id, animal_type_id, name, age, weight) values (33, 3, 3, 'Animal 33', '461', '5201');
insert into animal(animal_id, owner_id, animal_type_id, name, age, weight) values (34, 4, 4, 'Animal 34', '401', '4151');
insert into animal(animal_id, owner_id, animal_type_id, name, age, weight) values (35, 5, 5, 'Animal 35', '01', '1871');
insert into animal(animal_id, owner_id, animal_type_id, name, age, weight) values (36, 6, 6, 'Animal 36', '171', '4111');
insert into animal(animal_id, owner_id, animal_type_id, name, age, weight) values (37, 7, 7, 'Animal 37', '451', '1231');
insert into animal(animal_id, owner_id, animal_type_id, name, age, weight) values (38, 8, 8, 'Animal 38', '81', '71');
insert into animal(animal_id, owner_id, animal_type_id, name, age, weight) values (39, 9, 9, 'Animal 39', '491', '131');
insert into animal(animal_id, owner_id, animal_type_id, name, age, weight) values (40, 10, 10, 'Animal 40', '191', '5631');
insert into animal(animal_id, owner_id, animal_type_id, name, age, weight) values (41, 1, 1, 'Animal 41', '141', '5241');
insert into animal(animal_id, owner_id, animal_type_id, name, age, weight) values (42, 2, 2, 'Animal 42', '171', '2181');
insert into animal(animal_id, owner_id, animal_type_id, name, age, weight) values (43, 3, 3, 'Animal 43', '521', '2511');
insert into animal(animal_id, owner_id, animal_type_id, name, age, weight) values (44, 4, 4, 'Animal 44', '371', '1221');
insert into animal(animal_id, owner_id, animal_type_id, name, age, weight) values (45, 5, 5, 'Animal 45', '191', '1241');
insert into animal(animal_id, owner_id, animal_type_id, name, age, weight) values (46, 6, 6, 'Animal 46', '591', '5621');
insert into animal(animal_id, owner_id, animal_type_id, name, age, weight) values (47, 7, 7, 'Animal 47', '101', '41');
insert into animal(animal_id, owner_id, animal_type_id, name, age, weight) values (48, 8, 8, 'Animal 48', '341', '1341');
insert into animal(animal_id, owner_id, animal_type_id, name, age, weight) values (49, 9, 9, 'Animal 49', '11', '2271');
insert into animal(animal_id, owner_id, animal_type_id, name, age, weight) values (50, 10, 10, 'Animal 50', '131', '3241');
insert into animal(animal_id, owner_id, animal_type_id, name, age, weight) values (51, 1, 1, 'Animal 51', '01', '5971');
insert into animal(animal_id, owner_id, animal_type_id, name, age, weight) values (52, 2, 2, 'Animal 52', '101', '1631');
insert into animal(animal_id, owner_id, animal_type_id, name, age, weight) values (53, 3, 3, 'Animal 53', '221', '3581');
insert into animal(animal_id, owner_id, animal_type_id, name, age, weight) values (54, 4, 4, 'Animal 54', '01', '791');
insert into animal(animal_id, owner_id, animal_type_id, name, age, weight) values (55, 5, 5, 'Animal 55', '281', '3801');
insert into animal(animal_id, owner_id, animal_type_id, name, age, weight) values (56, 6, 6, 'Animal 56', '511', '1311');
insert into animal(animal_id, owner_id, animal_type_id, name, age, weight) values (57, 7, 7, 'Animal 57', '221', '1161');
insert into animal(animal_id, owner_id, animal_type_id, name, age, weight) values (58, 8, 8, 'Animal 58', '491', '4751');
insert into animal(animal_id, owner_id, animal_type_id, name, age, weight) values (59, 9, 9, 'Animal 59', '541', '2801');
insert into animal(animal_id, owner_id, animal_type_id, name, age, weight) values (60, 10, 10, 'Animal 60', '11', '3161');
insert into animal(animal_id, owner_id, animal_type_id, name, age, weight) values (61, 1, 1, 'Animal 61', '381', '3361');
insert into animal(animal_id, owner_id, animal_type_id, name, age, weight) values (62, 2, 2, 'Animal 62', '241', '4811');
insert into animal(animal_id, owner_id, animal_type_id, name, age, weight) values (63, 3, 3, 'Animal 63', '561', '5501');
insert into animal(animal_id, owner_id, animal_type_id, name, age, weight) values (64, 4, 4, 'Animal 64', '271', '1861');
insert into animal(animal_id, owner_id, animal_type_id, name, age, weight) values (65, 5, 5, 'Animal 65', '551', '1331');
insert into animal(animal_id, owner_id, animal_type_id, name, age, weight) values (66, 6, 6, 'Animal 66', '31', '991');
insert into animal(animal_id, owner_id, animal_type_id, name, age, weight) values (67, 7, 7, 'Animal 67', '01', '5721');
insert into animal(animal_id, owner_id, animal_type_id, name, age, weight) values (68, 8, 8, 'Animal 68', '161', '611');
insert into animal(animal_id, owner_id, animal_type_id, name, age, weight) values (69, 9, 9, 'Animal 69', '371', '2901');
insert into animal(animal_id, owner_id, animal_type_id, name, age, weight) values (70, 10, 10, 'Animal 70', '201', '5751');
insert into animal(animal_id, owner_id, animal_type_id, name, age, weight) values (71, 1, 1, 'Animal 71', '181', '1771');
insert into animal(animal_id, owner_id, animal_type_id, name, age, weight) values (72, 2, 2, 'Animal 72', '21', '1871');
insert into animal(animal_id, owner_id, animal_type_id, name, age, weight) values (73, 3, 3, 'Animal 73', '421', '2261');
insert into animal(animal_id, owner_id, animal_type_id, name, age, weight) values (74, 4, 4, 'Animal 74', '381', '1601');
insert into animal(animal_id, owner_id, animal_type_id, name, age, weight) values (75, 5, 5, 'Animal 75', '131', '3841');
insert into animal(animal_id, owner_id, animal_type_id, name, age, weight) values (76, 6, 6, 'Animal 76', '451', '5011');
insert into animal(animal_id, owner_id, animal_type_id, name, age, weight) values (77, 7, 7, 'Animal 77', '421', '181');
insert into animal(animal_id, owner_id, animal_type_id, name, age, weight) values (78, 8, 8, 'Animal 78', '411', '961');
insert into animal(animal_id, owner_id, animal_type_id, name, age, weight) values (79, 9, 9, 'Animal 79', '211', '1041');
insert into animal(animal_id, owner_id, animal_type_id, name, age, weight) values (80, 10, 10, 'Animal 80', '41', '241');
insert into animal(animal_id, owner_id, animal_type_id, name, age, weight) values (81, 1, 1, 'Animal 81', '591', '1571');
insert into animal(animal_id, owner_id, animal_type_id, name, age, weight) values (82, 2, 2, 'Animal 82', '191', '5791');
insert into animal(animal_id, owner_id, animal_type_id, name, age, weight) values (83, 3, 3, 'Animal 83', '571', '3671');
insert into animal(animal_id, owner_id, animal_type_id, name, age, weight) values (84, 4, 4, 'Animal 84', '221', '3131');
insert into animal(animal_id, owner_id, animal_type_id, name, age, weight) values (85, 5, 5, 'Animal 85', '551', '5531');
insert into animal(animal_id, owner_id, animal_type_id, name, age, weight) values (86, 6, 6, 'Animal 86', '571', '3851');
insert into animal(animal_id, owner_id, animal_type_id, name, age, weight) values (87, 7, 7, 'Animal 87', '261', '4331');
insert into animal(animal_id, owner_id, animal_type_id, name, age, weight) values (88, 8, 8, 'Animal 88', '281', '2161');
insert into animal(animal_id, owner_id, animal_type_id, name, age, weight) values (89, 9, 9, 'Animal 89', '291', '4811');
insert into animal(animal_id, owner_id, animal_type_id, name, age, weight) values (90, 10, 10, 'Animal 90', '211', '3411');
insert into animal(animal_id, owner_id, animal_type_id, name, age, weight) values (91, 1, 1, 'Animal 91', '481', '5871');
insert into animal(animal_id, owner_id, animal_type_id, name, age, weight) values (92, 2, 2, 'Animal 92', '331', '1351');
insert into animal(animal_id, owner_id, animal_type_id, name, age, weight) values (93, 3, 3, 'Animal 93', '01', '1641');
insert into animal(animal_id, owner_id, animal_type_id, name, age, weight) values (94, 4, 4, 'Animal 94', '231', '3311');
insert into animal(animal_id, owner_id, animal_type_id, name, age, weight) values (95, 5, 5, 'Animal 95', '161', '1781');
insert into animal(animal_id, owner_id, animal_type_id, name, age, weight) values (96, 6, 6, 'Animal 96', '11', '4571');
insert into animal(animal_id, owner_id, animal_type_id, name, age, weight) values (97, 7, 7, 'Animal 97', '251', '4031');
insert into animal(animal_id, owner_id, animal_type_id, name, age, weight) values (98, 8, 8, 'Animal 98', '531', '751');
insert into animal(animal_id, owner_id, animal_type_id, name, age, weight) values (99, 9, 9, 'Animal 99', '361', '2771');
insert into animal(animal_id, owner_id, animal_type_id, name, age, weight) values (100, 10, 10, 'Animal 100', '151', '4901');
insert into animal(animal_id, owner_id, animal_type_id, name, age, weight) values (101, 1, 1, 'Animal 101', '191', '4791');
insert into animal(animal_id, owner_id, animal_type_id, name, age, weight) values (102, 2, 2, 'Animal 102', '341', '3011');
insert into animal(animal_id, owner_id, animal_type_id, name, age, weight) values (103, 3, 3, 'Animal 103', '141', '961');
insert into animal(animal_id, owner_id, animal_type_id, name, age, weight) values (104, 4, 4, 'Animal 104', '201', '5161');
insert into animal(animal_id, owner_id, animal_type_id, name, age, weight) values (105, 5, 5, 'Animal 105', '231', '1941');
insert into animal(animal_id, owner_id, animal_type_id, name, age, weight) values (106, 6, 6, 'Animal 106', '321', '441');
insert into animal(animal_id, owner_id, animal_type_id, name, age, weight) values (107, 7, 7, 'Animal 107', '81', '1831');
insert into animal(animal_id, owner_id, animal_type_id, name, age, weight) values (108, 8, 8, 'Animal 108', '511', '2261');
insert into animal(animal_id, owner_id, animal_type_id, name, age, weight) values (109, 9, 9, 'Animal 109', '551', '5881');
insert into animal(animal_id, owner_id, animal_type_id, name, age, weight) values (110, 10, 10, 'Animal 110', '531', '1051');
insert into animal(animal_id, owner_id, animal_type_id, name, age, weight) values (111, 1, 1, 'Animal 111', '491', '1771');
insert into animal(animal_id, owner_id, animal_type_id, name, age, weight) values (112, 2, 2, 'Animal 112', '551', '5761');
insert into animal(animal_id, owner_id, animal_type_id, name, age, weight) values (113, 3, 3, 'Animal 113', '11', '4211');
insert into animal(animal_id, owner_id, animal_type_id, name, age, weight) values (114, 4, 4, 'Animal 114', '411', '1311');
insert into animal(animal_id, owner_id, animal_type_id, name, age, weight) values (115, 5, 5, 'Animal 115', '571', '3371');
insert into animal(animal_id, owner_id, animal_type_id, name, age, weight) values (116, 6, 6, 'Animal 116', '531', '3091');
insert into animal(animal_id, owner_id, animal_type_id, name, age, weight) values (117, 7, 7, 'Animal 117', '551', '951');
insert into animal(animal_id, owner_id, animal_type_id, name, age, weight) values (118, 8, 8, 'Animal 118', '11', '4581');
insert into animal(animal_id, owner_id, animal_type_id, name, age, weight) values (119, 9, 9, 'Animal 119', '451', '2071');
insert into animal(animal_id, owner_id, animal_type_id, name, age, weight) values (120, 10, 10, 'Animal 120', '101', '1561');
insert into animal(animal_id, owner_id, animal_type_id, name, age, weight) values (121, 1, 1, 'Animal 121', '451', '2531');
insert into animal(animal_id, owner_id, animal_type_id, name, age, weight) values (122, 2, 2, 'Animal 122', '561', '4841');
insert into animal(animal_id, owner_id, animal_type_id, name, age, weight) values (123, 3, 3, 'Animal 123', '491', '2421');
insert into animal(animal_id, owner_id, animal_type_id, name, age, weight) values (124, 4, 4, 'Animal 124', '241', '1561');
insert into animal(animal_id, owner_id, animal_type_id, name, age, weight) values (125, 5, 5, 'Animal 125', '151', '1011');
insert into animal(animal_id, owner_id, animal_type_id, name, age, weight) values (126, 6, 6, 'Animal 126', '551', '4171');
insert into animal(animal_id, owner_id, animal_type_id, name, age, weight) values (127, 7, 7, 'Animal 127', '471', '2481');
insert into animal(animal_id, owner_id, animal_type_id, name, age, weight) values (128, 8, 8, 'Animal 128', '21', '5151');
insert into animal(animal_id, owner_id, animal_type_id, name, age, weight) values (129, 9, 9, 'Animal 129', '551', '3111');
insert into animal(animal_id, owner_id, animal_type_id, name, age, weight) values (130, 10, 10, 'Animal 130', '541', '2271');
insert into animal(animal_id, owner_id, animal_type_id, name, age, weight) values (131, 1, 1, 'Animal 131', '411', '4391');
insert into animal(animal_id, owner_id, animal_type_id, name, age, weight) values (132, 2, 2, 'Animal 132', '471', '5201');
insert into animal(animal_id, owner_id, animal_type_id, name, age, weight) values (133, 3, 3, 'Animal 133', '161', '1861');
insert into animal(animal_id, owner_id, animal_type_id, name, age, weight) values (134, 4, 4, 'Animal 134', '51', '5481');
insert into animal(animal_id, owner_id, animal_type_id, name, age, weight) values (135, 5, 5, 'Animal 135', '211', '2731');
insert into animal(animal_id, owner_id, animal_type_id, name, age, weight) values (136, 6, 6, 'Animal 136', '91', '2531');
insert into animal(animal_id, owner_id, animal_type_id, name, age, weight) values (137, 7, 7, 'Animal 137', '141', '4661');
insert into animal(animal_id, owner_id, animal_type_id, name, age, weight) values (138, 8, 8, 'Animal 138', '391', '5711');
insert into animal(animal_id, owner_id, animal_type_id, name, age, weight) values (139, 9, 9, 'Animal 139', '521', '1531');
insert into animal(animal_id, owner_id, animal_type_id, name, age, weight) values (140, 10, 10, 'Animal 140', '481', '3201');
insert into animal(animal_id, owner_id, animal_type_id, name, age, weight) values (141, 1, 1, 'Animal 141', '11', '1571');
insert into animal(animal_id, owner_id, animal_type_id, name, age, weight) values (142, 2, 2, 'Animal 142', '491', '1941');
insert into animal(animal_id, owner_id, animal_type_id, name, age, weight) values (143, 3, 3, 'Animal 143', '331', '711');
insert into animal(animal_id, owner_id, animal_type_id, name, age, weight) values (144, 4, 4, 'Animal 144', '81', '3991');
insert into animal(animal_id, owner_id, animal_type_id, name, age, weight) values (145, 5, 5, 'Animal 145', '161', '3541');
insert into animal(animal_id, owner_id, animal_type_id, name, age, weight) values (146, 6, 6, 'Animal 146', '571', '5971');
insert into animal(animal_id, owner_id, animal_type_id, name, age, weight) values (147, 7, 7, 'Animal 147', '461', '2901');
insert into animal(animal_id, owner_id, animal_type_id, name, age, weight) values (148, 8, 8, 'Animal 148', '341', '5401');
insert into animal(animal_id, owner_id, animal_type_id, name, age, weight) values (149, 9, 9, 'Animal 149', '451', '1451');
insert into animal(animal_id, owner_id, animal_type_id, name, age, weight) values (150, 10, 10, 'Animal 150', '551', '581');
insert into animal(animal_id, owner_id, animal_type_id, name, age, weight) values (151, 1, 1, 'Animal 151', '241', '3921');
insert into animal(animal_id, owner_id, animal_type_id, name, age, weight) values (152, 2, 2, 'Animal 152', '241', '3501');
insert into animal(animal_id, owner_id, animal_type_id, name, age, weight) values (153, 3, 3, 'Animal 153', '91', '791');
insert into animal(animal_id, owner_id, animal_type_id, name, age, weight) values (154, 4, 4, 'Animal 154', '291', '2361');
insert into animal(animal_id, owner_id, animal_type_id, name, age, weight) values (155, 5, 5, 'Animal 155', '261', '3561');
insert into animal(animal_id, owner_id, animal_type_id, name, age, weight) values (156, 6, 6, 'Animal 156', '331', '2411');
insert into animal(animal_id, owner_id, animal_type_id, name, age, weight) values (157, 7, 7, 'Animal 157', '311', '4911');
insert into animal(animal_id, owner_id, animal_type_id, name, age, weight) values (158, 8, 8, 'Animal 158', '161', '171');
insert into animal(animal_id, owner_id, animal_type_id, name, age, weight) values (159, 9, 9, 'Animal 159', '91', '2331');
insert into animal(animal_id, owner_id, animal_type_id, name, age, weight) values (160, 10, 10, 'Animal 160', '181', '4281');
insert into animal(animal_id, owner_id, animal_type_id, name, age, weight) values (161, 1, 1, 'Animal 161', '211', '3551');
insert into animal(animal_id, owner_id, animal_type_id, name, age, weight) values (162, 2, 2, 'Animal 162', '141', '271');
insert into animal(animal_id, owner_id, animal_type_id, name, age, weight) values (163, 3, 3, 'Animal 163', '91', '551');
insert into animal(animal_id, owner_id, animal_type_id, name, age, weight) values (164, 4, 4, 'Animal 164', '401', '711');
insert into animal(animal_id, owner_id, animal_type_id, name, age, weight) values (165, 5, 5, 'Animal 165', '11', '2851');
insert into animal(animal_id, owner_id, animal_type_id, name, age, weight) values (166, 6, 6, 'Animal 166', '421', '741');
insert into animal(animal_id, owner_id, animal_type_id, name, age, weight) values (167, 7, 7, 'Animal 167', '361', '151');
insert into animal(animal_id, owner_id, animal_type_id, name, age, weight) values (168, 8, 8, 'Animal 168', '01', '1461');
insert into animal(animal_id, owner_id, animal_type_id, name, age, weight) values (169, 9, 9, 'Animal 169', '261', '5971');
insert into animal(animal_id, owner_id, animal_type_id, name, age, weight) values (170, 10, 10, 'Animal 170', '201', '3661');
insert into animal(animal_id, owner_id, animal_type_id, name, age, weight) values (171, 1, 1, 'Animal 171', '501', '3091');
insert into animal(animal_id, owner_id, animal_type_id, name, age, weight) values (172, 2, 2, 'Animal 172', '481', '5251');
insert into animal(animal_id, owner_id, animal_type_id, name, age, weight) values (173, 3, 3, 'Animal 173', '481', '4081');
insert into animal(animal_id, owner_id, animal_type_id, name, age, weight) values (174, 4, 4, 'Animal 174', '241', '2071');
insert into animal(animal_id, owner_id, animal_type_id, name, age, weight) values (175, 5, 5, 'Animal 175', '251', '1661');
insert into animal(animal_id, owner_id, animal_type_id, name, age, weight) values (176, 6, 6, 'Animal 176', '441', '781');
insert into animal(animal_id, owner_id, animal_type_id, name, age, weight) values (177, 7, 7, 'Animal 177', '471', '4301');
insert into animal(animal_id, owner_id, animal_type_id, name, age, weight) values (178, 8, 8, 'Animal 178', '371', '5981');
insert into animal(animal_id, owner_id, animal_type_id, name, age, weight) values (179, 9, 9, 'Animal 179', '551', '171');
insert into animal(animal_id, owner_id, animal_type_id, name, age, weight) values (180, 10, 10, 'Animal 180', '81', '3631');
insert into animal(animal_id, owner_id, animal_type_id, name, age, weight) values (181, 1, 1, 'Animal 181', '241', '181');
insert into animal(animal_id, owner_id, animal_type_id, name, age, weight) values (182, 2, 2, 'Animal 182', '251', '3151');
insert into animal(animal_id, owner_id, animal_type_id, name, age, weight) values (183, 3, 3, 'Animal 183', '321', '901');
insert into animal(animal_id, owner_id, animal_type_id, name, age, weight) values (184, 4, 4, 'Animal 184', '261', '5701');
insert into animal(animal_id, owner_id, animal_type_id, name, age, weight) values (185, 5, 5, 'Animal 185', '531', '5211');
insert into animal(animal_id, owner_id, animal_type_id, name, age, weight) values (186, 6, 6, 'Animal 186', '111', '2421');
insert into animal(animal_id, owner_id, animal_type_id, name, age, weight) values (187, 7, 7, 'Animal 187', '261', '2131');
insert into animal(animal_id, owner_id, animal_type_id, name, age, weight) values (188, 8, 8, 'Animal 188', '131', '2021');
insert into animal(animal_id, owner_id, animal_type_id, name, age, weight) values (189, 9, 9, 'Animal 189', '251', '2271');
insert into animal(animal_id, owner_id, animal_type_id, name, age, weight) values (190, 10, 10, 'Animal 190', '101', '3771');
insert into animal(animal_id, owner_id, animal_type_id, name, age, weight) values (191, 1, 1, 'Animal 191', '461', '971');
insert into animal(animal_id, owner_id, animal_type_id, name, age, weight) values (192, 2, 2, 'Animal 192', '321', '5791');
insert into animal(animal_id, owner_id, animal_type_id, name, age, weight) values (193, 3, 3, 'Animal 193', '441', '3831');
insert into animal(animal_id, owner_id, animal_type_id, name, age, weight) values (194, 4, 4, 'Animal 194', '01', '3451');
insert into animal(animal_id, owner_id, animal_type_id, name, age, weight) values (195, 5, 5, 'Animal 195', '411', '5051');
insert into animal(animal_id, owner_id, animal_type_id, name, age, weight) values (196, 6, 6, 'Animal 196', '261', '5761');
insert into animal(animal_id, owner_id, animal_type_id, name, age, weight) values (197, 7, 7, 'Animal 197', '241', '4881');
insert into animal(animal_id, owner_id, animal_type_id, name, age, weight) values (198, 8, 8, 'Animal 198', '81', '2481');
insert into animal(animal_id, owner_id, animal_type_id, name, age, weight) values (199, 9, 9, 'Animal 199', '231', '521');
insert into animal(animal_id, owner_id, animal_type_id, name, age, weight) values (200, 10, 10, 'Animal 200', '11', '2031');
insert into animal(animal_id, owner_id, animal_type_id, name, age, weight) values (201, 1, 1, 'Animal 201', '511', '1281');
insert into animal(animal_id, owner_id, animal_type_id, name, age, weight) values (202, 2, 2, 'Animal 202', '201', '3241');
insert into animal(animal_id, owner_id, animal_type_id, name, age, weight) values (203, 3, 3, 'Animal 203', '321', '3641');
insert into animal(animal_id, owner_id, animal_type_id, name, age, weight) values (204, 4, 4, 'Animal 204', '541', '3761');
insert into animal(animal_id, owner_id, animal_type_id, name, age, weight) values (205, 5, 5, 'Animal 205', '241', '4661');
insert into animal(animal_id, owner_id, animal_type_id, name, age, weight) values (206, 6, 6, 'Animal 206', '211', '3961');
insert into animal(animal_id, owner_id, animal_type_id, name, age, weight) values (207, 7, 7, 'Animal 207', '571', '2301');
insert into animal(animal_id, owner_id, animal_type_id, name, age, weight) values (208, 8, 8, 'Animal 208', '271', '41');
insert into animal(animal_id, owner_id, animal_type_id, name, age, weight) values (209, 9, 9, 'Animal 209', '491', '2641');
insert into animal(animal_id, owner_id, animal_type_id, name, age, weight) values (210, 10, 10, 'Animal 210', '341', '3881');
insert into animal(animal_id, owner_id, animal_type_id, name, age, weight) values (211, 1, 1, 'Animal 211', '321', '2141');
insert into animal(animal_id, owner_id, animal_type_id, name, age, weight) values (212, 2, 2, 'Animal 212', '201', '5431');
insert into animal(animal_id, owner_id, animal_type_id, name, age, weight) values (213, 3, 3, 'Animal 213', '71', '1151');
insert into animal(animal_id, owner_id, animal_type_id, name, age, weight) values (214, 4, 4, 'Animal 214', '151', '4561');
insert into animal(animal_id, owner_id, animal_type_id, name, age, weight) values (215, 5, 5, 'Animal 215', '101', '5641');
insert into animal(animal_id, owner_id, animal_type_id, name, age, weight) values (216, 6, 6, 'Animal 216', '511', '1361');
insert into animal(animal_id, owner_id, animal_type_id, name, age, weight) values (217, 7, 7, 'Animal 217', '511', '2491');
insert into animal(animal_id, owner_id, animal_type_id, name, age, weight) values (218, 8, 8, 'Animal 218', '431', '5271');
insert into animal(animal_id, owner_id, animal_type_id, name, age, weight) values (219, 9, 9, 'Animal 219', '481', '4871');
insert into animal(animal_id, owner_id, animal_type_id, name, age, weight) values (220, 10, 10, 'Animal 220', '561', '5031');
insert into animal(animal_id, owner_id, animal_type_id, name, age, weight) values (221, 1, 1, 'Animal 221', '451', '911');
insert into animal(animal_id, owner_id, animal_type_id, name, age, weight) values (222, 2, 2, 'Animal 222', '201', '5691');
insert into animal(animal_id, owner_id, animal_type_id, name, age, weight) values (223, 3, 3, 'Animal 223', '291', '451');
insert into animal(animal_id, owner_id, animal_type_id, name, age, weight) values (224, 4, 4, 'Animal 224', '161', '4171');
insert into animal(animal_id, owner_id, animal_type_id, name, age, weight) values (225, 5, 5, 'Animal 225', '541', '4761');
insert into animal(animal_id, owner_id, animal_type_id, name, age, weight) values (226, 6, 6, 'Animal 226', '81', '3471');
insert into animal(animal_id, owner_id, animal_type_id, name, age, weight) values (227, 7, 7, 'Animal 227', '411', '3961');
insert into animal(animal_id, owner_id, animal_type_id, name, age, weight) values (228, 8, 8, 'Animal 228', '51', '5611');
insert into animal(animal_id, owner_id, animal_type_id, name, age, weight) values (229, 9, 9, 'Animal 229', '481', '5881');
insert into animal(animal_id, owner_id, animal_type_id, name, age, weight) values (230, 10, 10, 'Animal 230', '311', '1381');
insert into animal(animal_id, owner_id, animal_type_id, name, age, weight) values (231, 1, 1, 'Animal 231', '471', '2111');
insert into animal(animal_id, owner_id, animal_type_id, name, age, weight) values (232, 2, 2, 'Animal 232', '51', '1891');
insert into animal(animal_id, owner_id, animal_type_id, name, age, weight) values (233, 3, 3, 'Animal 233', '241', '1881');
insert into animal(animal_id, owner_id, animal_type_id, name, age, weight) values (234, 4, 4, 'Animal 234', '411', '4811');
insert into animal(animal_id, owner_id, animal_type_id, name, age, weight) values (235, 5, 5, 'Animal 235', '581', '951');
insert into animal(animal_id, owner_id, animal_type_id, name, age, weight) values (236, 6, 6, 'Animal 236', '11', '811');
insert into animal(animal_id, owner_id, animal_type_id, name, age, weight) values (237, 7, 7, 'Animal 237', '41', '5111');
insert into animal(animal_id, owner_id, animal_type_id, name, age, weight) values (238, 8, 8, 'Animal 238', '61', '2501');
insert into animal(animal_id, owner_id, animal_type_id, name, age, weight) values (239, 9, 9, 'Animal 239', '521', '4891');
insert into animal(animal_id, owner_id, animal_type_id, name, age, weight) values (240, 10, 10, 'Animal 240', '561', '3151');
insert into animal(animal_id, owner_id, animal_type_id, name, age, weight) values (241, 1, 1, 'Animal 241', '301', '2341');
insert into animal(animal_id, owner_id, animal_type_id, name, age, weight) values (242, 2, 2, 'Animal 242', '391', '3841');
insert into animal(animal_id, owner_id, animal_type_id, name, age, weight) values (243, 3, 3, 'Animal 243', '491', '501');
insert into animal(animal_id, owner_id, animal_type_id, name, age, weight) values (244, 4, 4, 'Animal 244', '541', '2081');
insert into animal(animal_id, owner_id, animal_type_id, name, age, weight) values (245, 5, 5, 'Animal 245', '431', '4171');
insert into animal(animal_id, owner_id, animal_type_id, name, age, weight) values (246, 6, 6, 'Animal 246', '71', '891');
insert into animal(animal_id, owner_id, animal_type_id, name, age, weight) values (247, 7, 7, 'Animal 247', '201', '921');
insert into animal(animal_id, owner_id, animal_type_id, name, age, weight) values (248, 8, 8, 'Animal 248', '271', '4441');
insert into animal(animal_id, owner_id, animal_type_id, name, age, weight) values (249, 9, 9, 'Animal 249', '411', '4021');
insert into animal(animal_id, owner_id, animal_type_id, name, age, weight) values (250, 10, 10, 'Animal 250', '361', '3441');
insert into animal(animal_id, owner_id, animal_type_id, name, age, weight) values (251, 1, 1, 'Animal 251', '111', '5631');
insert into animal(animal_id, owner_id, animal_type_id, name, age, weight) values (252, 2, 2, 'Animal 252', '271', '4901');
insert into animal(animal_id, owner_id, animal_type_id, name, age, weight) values (253, 3, 3, 'Animal 253', '81', '2731');
insert into animal(animal_id, owner_id, animal_type_id, name, age, weight) values (254, 4, 4, 'Animal 254', '441', '311');
insert into animal(animal_id, owner_id, animal_type_id, name, age, weight) values (255, 5, 5, 'Animal 255', '361', '3931');
insert into animal(animal_id, owner_id, animal_type_id, name, age, weight) values (256, 6, 6, 'Animal 256', '471', '3701');
insert into animal(animal_id, owner_id, animal_type_id, name, age, weight) values (257, 7, 7, 'Animal 257', '171', '5481');
insert into animal(animal_id, owner_id, animal_type_id, name, age, weight) values (258, 8, 8, 'Animal 258', '61', '5961');
insert into animal(animal_id, owner_id, animal_type_id, name, age, weight) values (259, 9, 9, 'Animal 259', '161', '91');
insert into animal(animal_id, owner_id, animal_type_id, name, age, weight) values (260, 10, 10, 'Animal 260', '381', '5181');
insert into animal(animal_id, owner_id, animal_type_id, name, age, weight) values (261, 1, 1, 'Animal 261', '181', '3701');
insert into animal(animal_id, owner_id, animal_type_id, name, age, weight) values (262, 2, 2, 'Animal 262', '141', '4161');
insert into animal(animal_id, owner_id, animal_type_id, name, age, weight) values (263, 3, 3, 'Animal 263', '51', '5511');
insert into animal(animal_id, owner_id, animal_type_id, name, age, weight) values (264, 4, 4, 'Animal 264', '371', '5781');
insert into animal(animal_id, owner_id, animal_type_id, name, age, weight) values (265, 5, 5, 'Animal 265', '61', '5061');
insert into animal(animal_id, owner_id, animal_type_id, name, age, weight) values (266, 6, 6, 'Animal 266', '151', '3371');
insert into animal(animal_id, owner_id, animal_type_id, name, age, weight) values (267, 7, 7, 'Animal 267', '491', '4681');
insert into animal(animal_id, owner_id, animal_type_id, name, age, weight) values (268, 8, 8, 'Animal 268', '491', '3141');
insert into animal(animal_id, owner_id, animal_type_id, name, age, weight) values (269, 9, 9, 'Animal 269', '171', '4801');
insert into animal(animal_id, owner_id, animal_type_id, name, age, weight) values (270, 10, 10, 'Animal 270', '431', '281');
insert into animal(animal_id, owner_id, animal_type_id, name, age, weight) values (271, 1, 1, 'Animal 271', '121', '2011');
insert into animal(animal_id, owner_id, animal_type_id, name, age, weight) values (272, 2, 2, 'Animal 272', '101', '1821');
insert into animal(animal_id, owner_id, animal_type_id, name, age, weight) values (273, 3, 3, 'Animal 273', '541', '4061');
insert into animal(animal_id, owner_id, animal_type_id, name, age, weight) values (274, 4, 4, 'Animal 274', '41', '1181');
insert into animal(animal_id, owner_id, animal_type_id, name, age, weight) values (275, 5, 5, 'Animal 275', '131', '3171');
insert into animal(animal_id, owner_id, animal_type_id, name, age, weight) values (276, 6, 6, 'Animal 276', '221', '191');
insert into animal(animal_id, owner_id, animal_type_id, name, age, weight) values (277, 7, 7, 'Animal 277', '71', '2271');
insert into animal(animal_id, owner_id, animal_type_id, name, age, weight) values (278, 8, 8, 'Animal 278', '301', '5741');
insert into animal(animal_id, owner_id, animal_type_id, name, age, weight) values (279, 9, 9, 'Animal 279', '571', '3721');
insert into animal(animal_id, owner_id, animal_type_id, name, age, weight) values (280, 10, 10, 'Animal 280', '201', '1131');
insert into animal(animal_id, owner_id, animal_type_id, name, age, weight) values (281, 1, 1, 'Animal 281', '161', '791');
insert into animal(animal_id, owner_id, animal_type_id, name, age, weight) values (282, 2, 2, 'Animal 282', '101', '1861');
insert into animal(animal_id, owner_id, animal_type_id, name, age, weight) values (283, 3, 3, 'Animal 283', '221', '4251');
insert into animal(animal_id, owner_id, animal_type_id, name, age, weight) values (284, 4, 4, 'Animal 284', '341', '3521');
insert into animal(animal_id, owner_id, animal_type_id, name, age, weight) values (285, 5, 5, 'Animal 285', '471', '1361');
insert into animal(animal_id, owner_id, animal_type_id, name, age, weight) values (286, 6, 6, 'Animal 286', '21', '3861');
insert into animal(animal_id, owner_id, animal_type_id, name, age, weight) values (287, 7, 7, 'Animal 287', '441', '3681');
insert into animal(animal_id, owner_id, animal_type_id, name, age, weight) values (288, 8, 8, 'Animal 288', '141', '1891');
insert into animal(animal_id, owner_id, animal_type_id, name, age, weight) values (289, 9, 9, 'Animal 289', '11', '191');
insert into animal(animal_id, owner_id, animal_type_id, name, age, weight) values (290, 10, 10, 'Animal 290', '281', '1971');
insert into animal(animal_id, owner_id, animal_type_id, name, age, weight) values (291, 1, 1, 'Animal 291', '421', '3901');
insert into animal(animal_id, owner_id, animal_type_id, name, age, weight) values (292, 2, 2, 'Animal 292', '131', '521');
insert into animal(animal_id, owner_id, animal_type_id, name, age, weight) values (293, 3, 3, 'Animal 293', '411', '5521');
insert into animal(animal_id, owner_id, animal_type_id, name, age, weight) values (294, 4, 4, 'Animal 294', '131', '3341');
insert into animal(animal_id, owner_id, animal_type_id, name, age, weight) values (295, 5, 5, 'Animal 295', '31', '1461');
insert into animal(animal_id, owner_id, animal_type_id, name, age, weight) values (296, 6, 6, 'Animal 296', '591', '5391');
insert into animal(animal_id, owner_id, animal_type_id, name, age, weight) values (297, 7, 7, 'Animal 297', '331', '631');
insert into animal(animal_id, owner_id, animal_type_id, name, age, weight) values (298, 8, 8, 'Animal 298', '381', '3811');
insert into animal(animal_id, owner_id, animal_type_id, name, age, weight) values (299, 9, 9, 'Animal 299', '111', '5161');
insert into animal(animal_id, owner_id, animal_type_id, name, age, weight) values (300, 10, 10, 'Animal 300', '251', '1921');
insert into animal(animal_id, owner_id, animal_type_id, name, age, weight) values (301, 1, 1, 'Animal 301', '241', '5151');
insert into animal(animal_id, owner_id, animal_type_id, name, age, weight) values (302, 2, 2, 'Animal 302', '261', '4701');
insert into animal(animal_id, owner_id, animal_type_id, name, age, weight) values (303, 3, 3, 'Animal 303', '271', '4901');
insert into animal(animal_id, owner_id, animal_type_id, name, age, weight) values (304, 4, 4, 'Animal 304', '571', '2651');
insert into animal(animal_id, owner_id, animal_type_id, name, age, weight) values (305, 5, 5, 'Animal 305', '131', '831');
insert into animal(animal_id, owner_id, animal_type_id, name, age, weight) values (306, 6, 6, 'Animal 306', '191', '601');
insert into animal(animal_id, owner_id, animal_type_id, name, age, weight) values (307, 7, 7, 'Animal 307', '71', '3371');
insert into animal(animal_id, owner_id, animal_type_id, name, age, weight) values (308, 8, 8, 'Animal 308', '571', '4111');
insert into animal(animal_id, owner_id, animal_type_id, name, age, weight) values (309, 9, 9, 'Animal 309', '201', '4461');
insert into animal(animal_id, owner_id, animal_type_id, name, age, weight) values (310, 10, 10, 'Animal 310', '221', '3461');
insert into animal(animal_id, owner_id, animal_type_id, name, age, weight) values (311, 1, 1, 'Animal 311', '11', '21');
insert into animal(animal_id, owner_id, animal_type_id, name, age, weight) values (312, 2, 2, 'Animal 312', '411', '3311');
insert into animal(animal_id, owner_id, animal_type_id, name, age, weight) values (313, 3, 3, 'Animal 313', '591', '2721');
insert into animal(animal_id, owner_id, animal_type_id, name, age, weight) values (314, 4, 4, 'Animal 314', '471', '3361');
insert into animal(animal_id, owner_id, animal_type_id, name, age, weight) values (315, 5, 5, 'Animal 315', '501', '01');
insert into animal(animal_id, owner_id, animal_type_id, name, age, weight) values (316, 6, 6, 'Animal 316', '141', '781');
insert into animal(animal_id, owner_id, animal_type_id, name, age, weight) values (317, 7, 7, 'Animal 317', '321', '5111');
insert into animal(animal_id, owner_id, animal_type_id, name, age, weight) values (318, 8, 8, 'Animal 318', '361', '1941');
insert into animal(animal_id, owner_id, animal_type_id, name, age, weight) values (319, 9, 9, 'Animal 319', '231', '5631');
insert into animal(animal_id, owner_id, animal_type_id, name, age, weight) values (320, 10, 10, 'Animal 320', '361', '1381');
insert into animal(animal_id, owner_id, animal_type_id, name, age, weight) values (321, 1, 1, 'Animal 321', '381', '5101');
insert into animal(animal_id, owner_id, animal_type_id, name, age, weight) values (322, 2, 2, 'Animal 322', '421', '5851');
insert into animal(animal_id, owner_id, animal_type_id, name, age, weight) values (323, 3, 3, 'Animal 323', '391', '1871');
insert into animal(animal_id, owner_id, animal_type_id, name, age, weight) values (324, 4, 4, 'Animal 324', '141', '4601');
insert into animal(animal_id, owner_id, animal_type_id, name, age, weight) values (325, 5, 5, 'Animal 325', '581', '1691');
insert into animal(animal_id, owner_id, animal_type_id, name, age, weight) values (326, 6, 6, 'Animal 326', '351', '3681');
insert into animal(animal_id, owner_id, animal_type_id, name, age, weight) values (327, 7, 7, 'Animal 327', '151', '2541');
insert into animal(animal_id, owner_id, animal_type_id, name, age, weight) values (328, 8, 8, 'Animal 328', '381', '1501');
insert into animal(animal_id, owner_id, animal_type_id, name, age, weight) values (329, 9, 9, 'Animal 329', '01', '5671');
insert into animal(animal_id, owner_id, animal_type_id, name, age, weight) values (330, 10, 10, 'Animal 330', '201', '2921');
insert into animal(animal_id, owner_id, animal_type_id, name, age, weight) values (331, 1, 1, 'Animal 331', '211', '1261');
insert into animal(animal_id, owner_id, animal_type_id, name, age, weight) values (332, 2, 2, 'Animal 332', '301', '4551');
insert into animal(animal_id, owner_id, animal_type_id, name, age, weight) values (333, 3, 3, 'Animal 333', '321', '5841');
insert into animal(animal_id, owner_id, animal_type_id, name, age, weight) values (334, 4, 4, 'Animal 334', '161', '4941');
insert into animal(animal_id, owner_id, animal_type_id, name, age, weight) values (335, 5, 5, 'Animal 335', '381', '5311');
insert into animal(animal_id, owner_id, animal_type_id, name, age, weight) values (336, 6, 6, 'Animal 336', '281', '2291');
insert into animal(animal_id, owner_id, animal_type_id, name, age, weight) values (337, 7, 7, 'Animal 337', '141', '2491');
insert into animal(animal_id, owner_id, animal_type_id, name, age, weight) values (338, 8, 8, 'Animal 338', '121', '1201');
insert into animal(animal_id, owner_id, animal_type_id, name, age, weight) values (339, 9, 9, 'Animal 339', '351', '4821');
insert into animal(animal_id, owner_id, animal_type_id, name, age, weight) values (340, 10, 10, 'Animal 340', '121', '1631');
insert into animal(animal_id, owner_id, animal_type_id, name, age, weight) values (341, 1, 1, 'Animal 341', '91', '211');
insert into animal(animal_id, owner_id, animal_type_id, name, age, weight) values (342, 2, 2, 'Animal 342', '141', '4991');
insert into animal(animal_id, owner_id, animal_type_id, name, age, weight) values (343, 3, 3, 'Animal 343', '491', '3341');
insert into animal(animal_id, owner_id, animal_type_id, name, age, weight) values (344, 4, 4, 'Animal 344', '371', '4421');
insert into animal(animal_id, owner_id, animal_type_id, name, age, weight) values (345, 5, 5, 'Animal 345', '401', '2571');
insert into animal(animal_id, owner_id, animal_type_id, name, age, weight) values (346, 6, 6, 'Animal 346', '541', '2841');
insert into animal(animal_id, owner_id, animal_type_id, name, age, weight) values (347, 7, 7, 'Animal 347', '451', '4251');
insert into animal(animal_id, owner_id, animal_type_id, name, age, weight) values (348, 8, 8, 'Animal 348', '491', '2591');
insert into animal(animal_id, owner_id, animal_type_id, name, age, weight) values (349, 9, 9, 'Animal 349', '321', '5631');
insert into animal(animal_id, owner_id, animal_type_id, name, age, weight) values (350, 10, 10, 'Animal 350', '341', '3151');
insert into animal(animal_id, owner_id, animal_type_id, name, age, weight) values (351, 1, 1, 'Animal 351', '01', '231');
insert into animal(animal_id, owner_id, animal_type_id, name, age, weight) values (352, 2, 2, 'Animal 352', '501', '1911');
insert into animal(animal_id, owner_id, animal_type_id, name, age, weight) values (353, 3, 3, 'Animal 353', '301', '491');
insert into animal(animal_id, owner_id, animal_type_id, name, age, weight) values (354, 4, 4, 'Animal 354', '391', '5451');
insert into animal(animal_id, owner_id, animal_type_id, name, age, weight) values (355, 5, 5, 'Animal 355', '131', '5331');
insert into animal(animal_id, owner_id, animal_type_id, name, age, weight) values (356, 6, 6, 'Animal 356', '251', '551');
insert into animal(animal_id, owner_id, animal_type_id, name, age, weight) values (357, 7, 7, 'Animal 357', '481', '1771');
insert into animal(animal_id, owner_id, animal_type_id, name, age, weight) values (358, 8, 8, 'Animal 358', '171', '5001');
insert into animal(animal_id, owner_id, animal_type_id, name, age, weight) values (359, 9, 9, 'Animal 359', '171', '3051');
insert into animal(animal_id, owner_id, animal_type_id, name, age, weight) values (360, 10, 10, 'Animal 360', '571', '2841');
insert into animal(animal_id, owner_id, animal_type_id, name, age, weight) values (361, 1, 1, 'Animal 361', '301', '1961');
insert into animal(animal_id, owner_id, animal_type_id, name, age, weight) values (362, 2, 2, 'Animal 362', '61', '3411');
insert into animal(animal_id, owner_id, animal_type_id, name, age, weight) values (363, 3, 3, 'Animal 363', '391', '1931');
insert into animal(animal_id, owner_id, animal_type_id, name, age, weight) values (364, 4, 4, 'Animal 364', '551', '2891');
insert into animal(animal_id, owner_id, animal_type_id, name, age, weight) values (365, 5, 5, 'Animal 365', '61', '2421');
insert into animal(animal_id, owner_id, animal_type_id, name, age, weight) values (366, 6, 6, 'Animal 366', '371', '1881');
insert into animal(animal_id, owner_id, animal_type_id, name, age, weight) values (367, 7, 7, 'Animal 367', '461', '3721');
insert into animal(animal_id, owner_id, animal_type_id, name, age, weight) values (368, 8, 8, 'Animal 368', '261', '1211');
insert into animal(animal_id, owner_id, animal_type_id, name, age, weight) values (369, 9, 9, 'Animal 369', '341', '621');
insert into animal(animal_id, owner_id, animal_type_id, name, age, weight) values (370, 10, 10, 'Animal 370', '561', '771');
insert into animal(animal_id, owner_id, animal_type_id, name, age, weight) values (371, 1, 1, 'Animal 371', '421', '4381');
insert into animal(animal_id, owner_id, animal_type_id, name, age, weight) values (372, 2, 2, 'Animal 372', '371', '5421');
insert into animal(animal_id, owner_id, animal_type_id, name, age, weight) values (373, 3, 3, 'Animal 373', '301', '4641');
insert into animal(animal_id, owner_id, animal_type_id, name, age, weight) values (374, 4, 4, 'Animal 374', '431', '1391');
insert into animal(animal_id, owner_id, animal_type_id, name, age, weight) values (375, 5, 5, 'Animal 375', '221', '5761');
insert into animal(animal_id, owner_id, animal_type_id, name, age, weight) values (376, 6, 6, 'Animal 376', '461', '1881');
insert into animal(animal_id, owner_id, animal_type_id, name, age, weight) values (377, 7, 7, 'Animal 377', '561', '1721');
insert into animal(animal_id, owner_id, animal_type_id, name, age, weight) values (378, 8, 8, 'Animal 378', '591', '2791');
insert into animal(animal_id, owner_id, animal_type_id, name, age, weight) values (379, 9, 9, 'Animal 379', '61', '3911');
insert into animal(animal_id, owner_id, animal_type_id, name, age, weight) values (380, 10, 10, 'Animal 380', '441', '4421');
insert into animal(animal_id, owner_id, animal_type_id, name, age, weight) values (381, 1, 1, 'Animal 381', '331', '5651');
insert into animal(animal_id, owner_id, animal_type_id, name, age, weight) values (382, 2, 2, 'Animal 382', '231', '4841');
insert into animal(animal_id, owner_id, animal_type_id, name, age, weight) values (383, 3, 3, 'Animal 383', '501', '3751');
insert into animal(animal_id, owner_id, animal_type_id, name, age, weight) values (384, 4, 4, 'Animal 384', '371', '2731');
insert into animal(animal_id, owner_id, animal_type_id, name, age, weight) values (385, 5, 5, 'Animal 385', '271', '3451');
insert into animal(animal_id, owner_id, animal_type_id, name, age, weight) values (386, 6, 6, 'Animal 386', '371', '1821');
insert into animal(animal_id, owner_id, animal_type_id, name, age, weight) values (387, 7, 7, 'Animal 387', '481', '1911');
insert into animal(animal_id, owner_id, animal_type_id, name, age, weight) values (388, 8, 8, 'Animal 388', '171', '2261');
insert into animal(animal_id, owner_id, animal_type_id, name, age, weight) values (389, 9, 9, 'Animal 389', '521', '4611');
insert into animal(animal_id, owner_id, animal_type_id, name, age, weight) values (390, 10, 10, 'Animal 390', '01', '2021');
insert into animal(animal_id, owner_id, animal_type_id, name, age, weight) values (391, 1, 1, 'Animal 391', '211', '3041');
insert into animal(animal_id, owner_id, animal_type_id, name, age, weight) values (392, 2, 2, 'Animal 392', '401', '3591');
insert into animal(animal_id, owner_id, animal_type_id, name, age, weight) values (393, 3, 3, 'Animal 393', '191', '5741');
insert into animal(animal_id, owner_id, animal_type_id, name, age, weight) values (394, 4, 4, 'Animal 394', '341', '4961');
insert into animal(animal_id, owner_id, animal_type_id, name, age, weight) values (395, 5, 5, 'Animal 395', '571', '3421');
insert into animal(animal_id, owner_id, animal_type_id, name, age, weight) values (396, 6, 6, 'Animal 396', '51', '91');
insert into animal(animal_id, owner_id, animal_type_id, name, age, weight) values (397, 7, 7, 'Animal 397', '51', '4731');
insert into animal(animal_id, owner_id, animal_type_id, name, age, weight) values (398, 8, 8, 'Animal 398', '41', '1441');
insert into animal(animal_id, owner_id, animal_type_id, name, age, weight) values (399, 9, 9, 'Animal 399', '531', '731');
insert into animal(animal_id, owner_id, animal_type_id, name, age, weight) values (400, 10, 10, 'Animal 400', '91', '1901');
insert into animal(animal_id, owner_id, animal_type_id, name, age, weight) values (401, 1, 1, 'Animal 401', '61', '2651');
insert into animal(animal_id, owner_id, animal_type_id, name, age, weight) values (402, 2, 2, 'Animal 402', '501', '2301');
insert into animal(animal_id, owner_id, animal_type_id, name, age, weight) values (403, 3, 3, 'Animal 403', '111', '3381');
insert into animal(animal_id, owner_id, animal_type_id, name, age, weight) values (404, 4, 4, 'Animal 404', '131', '4571');
insert into animal(animal_id, owner_id, animal_type_id, name, age, weight) values (405, 5, 5, 'Animal 405', '211', '1541');
insert into animal(animal_id, owner_id, animal_type_id, name, age, weight) values (406, 6, 6, 'Animal 406', '341', '3611');
insert into animal(animal_id, owner_id, animal_type_id, name, age, weight) values (407, 7, 7, 'Animal 407', '61', '1991');
insert into animal(animal_id, owner_id, animal_type_id, name, age, weight) values (408, 8, 8, 'Animal 408', '181', '2891');
insert into animal(animal_id, owner_id, animal_type_id, name, age, weight) values (409, 9, 9, 'Animal 409', '31', '2321');
insert into animal(animal_id, owner_id, animal_type_id, name, age, weight) values (410, 10, 10, 'Animal 410', '411', '1531');
insert into animal(animal_id, owner_id, animal_type_id, name, age, weight) values (411, 1, 1, 'Animal 411', '231', '401');
insert into animal(animal_id, owner_id, animal_type_id, name, age, weight) values (412, 2, 2, 'Animal 412', '471', '4611');
insert into animal(animal_id, owner_id, animal_type_id, name, age, weight) values (413, 3, 3, 'Animal 413', '581', '3321');
insert into animal(animal_id, owner_id, animal_type_id, name, age, weight) values (414, 4, 4, 'Animal 414', '581', '4671');
insert into animal(animal_id, owner_id, animal_type_id, name, age, weight) values (415, 5, 5, 'Animal 415', '241', '791');
insert into animal(animal_id, owner_id, animal_type_id, name, age, weight) values (416, 6, 6, 'Animal 416', '491', '341');
insert into animal(animal_id, owner_id, animal_type_id, name, age, weight) values (417, 7, 7, 'Animal 417', '141', '671');
insert into animal(animal_id, owner_id, animal_type_id, name, age, weight) values (418, 8, 8, 'Animal 418', '541', '5381');
insert into animal(animal_id, owner_id, animal_type_id, name, age, weight) values (419, 9, 9, 'Animal 419', '111', '4851');
insert into animal(animal_id, owner_id, animal_type_id, name, age, weight) values (420, 10, 10, 'Animal 420', '211', '3671');
insert into animal(animal_id, owner_id, animal_type_id, name, age, weight) values (421, 1, 1, 'Animal 421', '151', '411');
insert into animal(animal_id, owner_id, animal_type_id, name, age, weight) values (422, 2, 2, 'Animal 422', '521', '1071');
insert into animal(animal_id, owner_id, animal_type_id, name, age, weight) values (423, 3, 3, 'Animal 423', '251', '5841');
insert into animal(animal_id, owner_id, animal_type_id, name, age, weight) values (424, 4, 4, 'Animal 424', '431', '2521');
insert into animal(animal_id, owner_id, animal_type_id, name, age, weight) values (425, 5, 5, 'Animal 425', '251', '1961');
insert into animal(animal_id, owner_id, animal_type_id, name, age, weight) values (426, 6, 6, 'Animal 426', '331', '1301');
insert into animal(animal_id, owner_id, animal_type_id, name, age, weight) values (427, 7, 7, 'Animal 427', '501', '1811');
insert into animal(animal_id, owner_id, animal_type_id, name, age, weight) values (428, 8, 8, 'Animal 428', '221', '1411');
insert into animal(animal_id, owner_id, animal_type_id, name, age, weight) values (429, 9, 9, 'Animal 429', '81', '811');
insert into animal(animal_id, owner_id, animal_type_id, name, age, weight) values (430, 10, 10, 'Animal 430', '381', '491');
insert into animal(animal_id, owner_id, animal_type_id, name, age, weight) values (431, 1, 1, 'Animal 431', '191', '1981');
insert into animal(animal_id, owner_id, animal_type_id, name, age, weight) values (432, 2, 2, 'Animal 432', '521', '5241');
insert into animal(animal_id, owner_id, animal_type_id, name, age, weight) values (433, 3, 3, 'Animal 433', '511', '271');
insert into animal(animal_id, owner_id, animal_type_id, name, age, weight) values (434, 4, 4, 'Animal 434', '01', '4891');
insert into animal(animal_id, owner_id, animal_type_id, name, age, weight) values (435, 5, 5, 'Animal 435', '561', '4841');
insert into animal(animal_id, owner_id, animal_type_id, name, age, weight) values (436, 6, 6, 'Animal 436', '581', '4371');
insert into animal(animal_id, owner_id, animal_type_id, name, age, weight) values (437, 7, 7, 'Animal 437', '321', '1121');
insert into animal(animal_id, owner_id, animal_type_id, name, age, weight) values (438, 8, 8, 'Animal 438', '541', '5881');
insert into animal(animal_id, owner_id, animal_type_id, name, age, weight) values (439, 9, 9, 'Animal 439', '361', '4161');
insert into animal(animal_id, owner_id, animal_type_id, name, age, weight) values (440, 10, 10, 'Animal 440', '231', '2321');
insert into animal(animal_id, owner_id, animal_type_id, name, age, weight) values (441, 1, 1, 'Animal 441', '331', '2091');
insert into animal(animal_id, owner_id, animal_type_id, name, age, weight) values (442, 2, 2, 'Animal 442', '181', '3561');
insert into animal(animal_id, owner_id, animal_type_id, name, age, weight) values (443, 3, 3, 'Animal 443', '341', '2421');
insert into animal(animal_id, owner_id, animal_type_id, name, age, weight) values (444, 4, 4, 'Animal 444', '171', '1261');
insert into animal(animal_id, owner_id, animal_type_id, name, age, weight) values (445, 5, 5, 'Animal 445', '81', '381');
insert into animal(animal_id, owner_id, animal_type_id, name, age, weight) values (446, 6, 6, 'Animal 446', '01', '2631');
insert into animal(animal_id, owner_id, animal_type_id, name, age, weight) values (447, 7, 7, 'Animal 447', '431', '321');
insert into animal(animal_id, owner_id, animal_type_id, name, age, weight) values (448, 8, 8, 'Animal 448', '01', '3431');
insert into animal(animal_id, owner_id, animal_type_id, name, age, weight) values (449, 9, 9, 'Animal 449', '371', '1121');
insert into animal(animal_id, owner_id, animal_type_id, name, age, weight) values (450, 10, 10, 'Animal 450', '551', '5631');
insert into animal(animal_id, owner_id, animal_type_id, name, age, weight) values (451, 1, 1, 'Animal 451', '571', '3441');
insert into animal(animal_id, owner_id, animal_type_id, name, age, weight) values (452, 2, 2, 'Animal 452', '01', '4541');
insert into animal(animal_id, owner_id, animal_type_id, name, age, weight) values (453, 3, 3, 'Animal 453', '181', '2781');
insert into animal(animal_id, owner_id, animal_type_id, name, age, weight) values (454, 4, 4, 'Animal 454', '31', '3211');
insert into animal(animal_id, owner_id, animal_type_id, name, age, weight) values (455, 5, 5, 'Animal 455', '541', '5001');
insert into animal(animal_id, owner_id, animal_type_id, name, age, weight) values (456, 6, 6, 'Animal 456', '111', '2641');
insert into animal(animal_id, owner_id, animal_type_id, name, age, weight) values (457, 7, 7, 'Animal 457', '61', '3271');
insert into animal(animal_id, owner_id, animal_type_id, name, age, weight) values (458, 8, 8, 'Animal 458', '511', '4281');
insert into animal(animal_id, owner_id, animal_type_id, name, age, weight) values (459, 9, 9, 'Animal 459', '171', '2931');
insert into animal(animal_id, owner_id, animal_type_id, name, age, weight) values (460, 10, 10, 'Animal 460', '261', '2971');
insert into animal(animal_id, owner_id, animal_type_id, name, age, weight) values (461, 1, 1, 'Animal 461', '01', '4201');
insert into animal(animal_id, owner_id, animal_type_id, name, age, weight) values (462, 2, 2, 'Animal 462', '271', '831');
insert into animal(animal_id, owner_id, animal_type_id, name, age, weight) values (463, 3, 3, 'Animal 463', '301', '311');
insert into animal(animal_id, owner_id, animal_type_id, name, age, weight) values (464, 4, 4, 'Animal 464', '61', '3321');
insert into animal(animal_id, owner_id, animal_type_id, name, age, weight) values (465, 5, 5, 'Animal 465', '591', '5261');
insert into animal(animal_id, owner_id, animal_type_id, name, age, weight) values (466, 6, 6, 'Animal 466', '281', '5651');
insert into animal(animal_id, owner_id, animal_type_id, name, age, weight) values (467, 7, 7, 'Animal 467', '261', '2971');
insert into animal(animal_id, owner_id, animal_type_id, name, age, weight) values (468, 8, 8, 'Animal 468', '171', '4251');
insert into animal(animal_id, owner_id, animal_type_id, name, age, weight) values (469, 9, 9, 'Animal 469', '481', '4751');
insert into animal(animal_id, owner_id, animal_type_id, name, age, weight) values (470, 10, 10, 'Animal 470', '341', '801');
insert into animal(animal_id, owner_id, animal_type_id, name, age, weight) values (471, 1, 1, 'Animal 471', '541', '3091');
insert into animal(animal_id, owner_id, animal_type_id, name, age, weight) values (472, 2, 2, 'Animal 472', '311', '5101');
insert into animal(animal_id, owner_id, animal_type_id, name, age, weight) values (473, 3, 3, 'Animal 473', '181', '3751');
insert into animal(animal_id, owner_id, animal_type_id, name, age, weight) values (474, 4, 4, 'Animal 474', '331', '5681');
insert into animal(animal_id, owner_id, animal_type_id, name, age, weight) values (475, 5, 5, 'Animal 475', '591', '3331');
insert into animal(animal_id, owner_id, animal_type_id, name, age, weight) values (476, 6, 6, 'Animal 476', '341', '3261');
insert into animal(animal_id, owner_id, animal_type_id, name, age, weight) values (477, 7, 7, 'Animal 477', '401', '5701');
insert into animal(animal_id, owner_id, animal_type_id, name, age, weight) values (478, 8, 8, 'Animal 478', '331', '631');
insert into animal(animal_id, owner_id, animal_type_id, name, age, weight) values (479, 9, 9, 'Animal 479', '571', '4451');
insert into animal(animal_id, owner_id, animal_type_id, name, age, weight) values (480, 10, 10, 'Animal 480', '431', '371');
insert into animal(animal_id, owner_id, animal_type_id, name, age, weight) values (481, 1, 1, 'Animal 481', '401', '1821');
insert into animal(animal_id, owner_id, animal_type_id, name, age, weight) values (482, 2, 2, 'Animal 482', '01', '691');
insert into animal(animal_id, owner_id, animal_type_id, name, age, weight) values (483, 3, 3, 'Animal 483', '281', '5251');
insert into animal(animal_id, owner_id, animal_type_id, name, age, weight) values (484, 4, 4, 'Animal 484', '31', '3921');
insert into animal(animal_id, owner_id, animal_type_id, name, age, weight) values (485, 5, 5, 'Animal 485', '151', '3261');
insert into animal(animal_id, owner_id, animal_type_id, name, age, weight) values (486, 6, 6, 'Animal 486', '531', '5401');
insert into animal(animal_id, owner_id, animal_type_id, name, age, weight) values (487, 7, 7, 'Animal 487', '141', '751');
insert into animal(animal_id, owner_id, animal_type_id, name, age, weight) values (488, 8, 8, 'Animal 488', '381', '141');
insert into animal(animal_id, owner_id, animal_type_id, name, age, weight) values (489, 9, 9, 'Animal 489', '221', '5811');
insert into animal(animal_id, owner_id, animal_type_id, name, age, weight) values (490, 10, 10, 'Animal 490', '181', '1041');
insert into animal(animal_id, owner_id, animal_type_id, name, age, weight) values (491, 1, 1, 'Animal 491', '41', '5971');
insert into animal(animal_id, owner_id, animal_type_id, name, age, weight) values (492, 2, 2, 'Animal 492', '271', '1861');
insert into animal(animal_id, owner_id, animal_type_id, name, age, weight) values (493, 3, 3, 'Animal 493', '411', '3971');
insert into animal(animal_id, owner_id, animal_type_id, name, age, weight) values (494, 4, 4, 'Animal 494', '121', '2081');
insert into animal(animal_id, owner_id, animal_type_id, name, age, weight) values (495, 5, 5, 'Animal 495', '321', '281');
insert into animal(animal_id, owner_id, animal_type_id, name, age, weight) values (496, 6, 6, 'Animal 496', '461', '5121');
insert into animal(animal_id, owner_id, animal_type_id, name, age, weight) values (497, 7, 7, 'Animal 497', '301', '3431');
insert into animal(animal_id, owner_id, animal_type_id, name, age, weight) values (498, 8, 8, 'Animal 498', '511', '171');
insert into animal(animal_id, owner_id, animal_type_id, name, age, weight) values (499, 9, 9, 'Animal 499', '11', '961');
insert into animal(animal_id, owner_id, animal_type_id, name, age, weight) values (500, 10, 10, 'Animal 500', '381', '2891');
insert into animal(animal_id, owner_id, animal_type_id, name, age, weight) values (501, 1, 1, 'Animal 501', '411', '5471');
insert into animal(animal_id, owner_id, animal_type_id, name, age, weight) values (502, 2, 2, 'Animal 502', '71', '81');
insert into animal(animal_id, owner_id, animal_type_id, name, age, weight) values (503, 3, 3, 'Animal 503', '391', '5511');
insert into animal(animal_id, owner_id, animal_type_id, name, age, weight) values (504, 4, 4, 'Animal 504', '181', '5791');
insert into animal(animal_id, owner_id, animal_type_id, name, age, weight) values (505, 5, 5, 'Animal 505', '31', '2621');
insert into animal(animal_id, owner_id, animal_type_id, name, age, weight) values (506, 6, 6, 'Animal 506', '521', '1341');
insert into animal(animal_id, owner_id, animal_type_id, name, age, weight) values (507, 7, 7, 'Animal 507', '521', '961');
insert into animal(animal_id, owner_id, animal_type_id, name, age, weight) values (508, 8, 8, 'Animal 508', '381', '3421');
insert into animal(animal_id, owner_id, animal_type_id, name, age, weight) values (509, 9, 9, 'Animal 509', '391', '981');
insert into animal(animal_id, owner_id, animal_type_id, name, age, weight) values (510, 10, 10, 'Animal 510', '11', '2041');
insert into animal(animal_id, owner_id, animal_type_id, name, age, weight) values (511, 1, 1, 'Animal 511', '541', '2841');
insert into animal(animal_id, owner_id, animal_type_id, name, age, weight) values (512, 2, 2, 'Animal 512', '501', '2731');
insert into animal(animal_id, owner_id, animal_type_id, name, age, weight) values (513, 3, 3, 'Animal 513', '201', '111');
insert into animal(animal_id, owner_id, animal_type_id, name, age, weight) values (514, 4, 4, 'Animal 514', '411', '3761');
insert into animal(animal_id, owner_id, animal_type_id, name, age, weight) values (515, 5, 5, 'Animal 515', '381', '5911');
insert into animal(animal_id, owner_id, animal_type_id, name, age, weight) values (516, 6, 6, 'Animal 516', '61', '5991');
insert into animal(animal_id, owner_id, animal_type_id, name, age, weight) values (517, 7, 7, 'Animal 517', '421', '4781');
insert into animal(animal_id, owner_id, animal_type_id, name, age, weight) values (518, 8, 8, 'Animal 518', '401', '5911');
insert into animal(animal_id, owner_id, animal_type_id, name, age, weight) values (519, 9, 9, 'Animal 519', '41', '1641');
insert into animal(animal_id, owner_id, animal_type_id, name, age, weight) values (520, 10, 10, 'Animal 520', '351', '3261');
insert into animal(animal_id, owner_id, animal_type_id, name, age, weight) values (521, 1, 1, 'Animal 521', '351', '2471');
insert into animal(animal_id, owner_id, animal_type_id, name, age, weight) values (522, 2, 2, 'Animal 522', '301', '31');
insert into animal(animal_id, owner_id, animal_type_id, name, age, weight) values (523, 3, 3, 'Animal 523', '141', '4571');
insert into animal(animal_id, owner_id, animal_type_id, name, age, weight) values (524, 4, 4, 'Animal 524', '251', '5081');
insert into animal(animal_id, owner_id, animal_type_id, name, age, weight) values (525, 5, 5, 'Animal 525', '51', '4551');
insert into animal(animal_id, owner_id, animal_type_id, name, age, weight) values (526, 6, 6, 'Animal 526', '471', '1051');
insert into animal(animal_id, owner_id, animal_type_id, name, age, weight) values (527, 7, 7, 'Animal 527', '131', '2751');
insert into animal(animal_id, owner_id, animal_type_id, name, age, weight) values (528, 8, 8, 'Animal 528', '511', '1121');
insert into animal(animal_id, owner_id, animal_type_id, name, age, weight) values (529, 9, 9, 'Animal 529', '571', '5141');
insert into animal(animal_id, owner_id, animal_type_id, name, age, weight) values (530, 10, 10, 'Animal 530', '541', '3061');
insert into animal(animal_id, owner_id, animal_type_id, name, age, weight) values (531, 1, 1, 'Animal 531', '401', '1881');
insert into animal(animal_id, owner_id, animal_type_id, name, age, weight) values (532, 2, 2, 'Animal 532', '531', '5371');
insert into animal(animal_id, owner_id, animal_type_id, name, age, weight) values (533, 3, 3, 'Animal 533', '491', '2741');
insert into animal(animal_id, owner_id, animal_type_id, name, age, weight) values (534, 4, 4, 'Animal 534', '51', '4061');
insert into animal(animal_id, owner_id, animal_type_id, name, age, weight) values (535, 5, 5, 'Animal 535', '201', '451');
insert into animal(animal_id, owner_id, animal_type_id, name, age, weight) values (536, 6, 6, 'Animal 536', '381', '5151');
insert into animal(animal_id, owner_id, animal_type_id, name, age, weight) values (537, 7, 7, 'Animal 537', '571', '3261');
insert into animal(animal_id, owner_id, animal_type_id, name, age, weight) values (538, 8, 8, 'Animal 538', '101', '11');
insert into animal(animal_id, owner_id, animal_type_id, name, age, weight) values (539, 9, 9, 'Animal 539', '291', '5641');
insert into animal(animal_id, owner_id, animal_type_id, name, age, weight) values (540, 10, 10, 'Animal 540', '341', '5751');
insert into animal(animal_id, owner_id, animal_type_id, name, age, weight) values (541, 1, 1, 'Animal 541', '551', '781');
insert into animal(animal_id, owner_id, animal_type_id, name, age, weight) values (542, 2, 2, 'Animal 542', '441', '1881');
insert into animal(animal_id, owner_id, animal_type_id, name, age, weight) values (543, 3, 3, 'Animal 543', '31', '191');
insert into animal(animal_id, owner_id, animal_type_id, name, age, weight) values (544, 4, 4, 'Animal 544', '411', '5211');
insert into animal(animal_id, owner_id, animal_type_id, name, age, weight) values (545, 5, 5, 'Animal 545', '251', '3081');
insert into animal(animal_id, owner_id, animal_type_id, name, age, weight) values (546, 6, 6, 'Animal 546', '321', '4671');
insert into animal(animal_id, owner_id, animal_type_id, name, age, weight) values (547, 7, 7, 'Animal 547', '471', '4541');
insert into animal(animal_id, owner_id, animal_type_id, name, age, weight) values (548, 8, 8, 'Animal 548', '321', '1921');
insert into animal(animal_id, owner_id, animal_type_id, name, age, weight) values (549, 9, 9, 'Animal 549', '521', '3091');
insert into animal(animal_id, owner_id, animal_type_id, name, age, weight) values (550, 10, 10, 'Animal 550', '441', '5061');
insert into animal(animal_id, owner_id, animal_type_id, name, age, weight) values (551, 1, 1, 'Animal 551', '431', '1951');
insert into animal(animal_id, owner_id, animal_type_id, name, age, weight) values (552, 2, 2, 'Animal 552', '101', '4711');
insert into animal(animal_id, owner_id, animal_type_id, name, age, weight) values (553, 3, 3, 'Animal 553', '21', '831');
insert into animal(animal_id, owner_id, animal_type_id, name, age, weight) values (554, 4, 4, 'Animal 554', '281', '5051');
insert into animal(animal_id, owner_id, animal_type_id, name, age, weight) values (555, 5, 5, 'Animal 555', '501', '4311');
insert into animal(animal_id, owner_id, animal_type_id, name, age, weight) values (556, 6, 6, 'Animal 556', '371', '2741');
insert into animal(animal_id, owner_id, animal_type_id, name, age, weight) values (557, 7, 7, 'Animal 557', '431', '2921');
insert into animal(animal_id, owner_id, animal_type_id, name, age, weight) values (558, 8, 8, 'Animal 558', '561', '701');
insert into animal(animal_id, owner_id, animal_type_id, name, age, weight) values (559, 9, 9, 'Animal 559', '11', '1691');
insert into animal(animal_id, owner_id, animal_type_id, name, age, weight) values (560, 10, 10, 'Animal 560', '441', '1021');
insert into animal(animal_id, owner_id, animal_type_id, name, age, weight) values (561, 1, 1, 'Animal 561', '421', '471');
insert into animal(animal_id, owner_id, animal_type_id, name, age, weight) values (562, 2, 2, 'Animal 562', '351', '481');
insert into animal(animal_id, owner_id, animal_type_id, name, age, weight) values (563, 3, 3, 'Animal 563', '41', '331');
insert into animal(animal_id, owner_id, animal_type_id, name, age, weight) values (564, 4, 4, 'Animal 564', '581', '5491');
insert into animal(animal_id, owner_id, animal_type_id, name, age, weight) values (565, 5, 5, 'Animal 565', '91', '1021');
insert into animal(animal_id, owner_id, animal_type_id, name, age, weight) values (566, 6, 6, 'Animal 566', '401', '4541');
insert into animal(animal_id, owner_id, animal_type_id, name, age, weight) values (567, 7, 7, 'Animal 567', '221', '1501');
insert into animal(animal_id, owner_id, animal_type_id, name, age, weight) values (568, 8, 8, 'Animal 568', '531', '1661');
insert into animal(animal_id, owner_id, animal_type_id, name, age, weight) values (569, 9, 9, 'Animal 569', '421', '5291');
insert into animal(animal_id, owner_id, animal_type_id, name, age, weight) values (570, 10, 10, 'Animal 570', '301', '4761');
insert into animal(animal_id, owner_id, animal_type_id, name, age, weight) values (571, 1, 1, 'Animal 571', '531', '2341');
insert into animal(animal_id, owner_id, animal_type_id, name, age, weight) values (572, 2, 2, 'Animal 572', '451', '2631');
insert into animal(animal_id, owner_id, animal_type_id, name, age, weight) values (573, 3, 3, 'Animal 573', '161', '5621');
insert into animal(animal_id, owner_id, animal_type_id, name, age, weight) values (574, 4, 4, 'Animal 574', '541', '4361');
insert into animal(animal_id, owner_id, animal_type_id, name, age, weight) values (575, 5, 5, 'Animal 575', '31', '2981');
insert into animal(animal_id, owner_id, animal_type_id, name, age, weight) values (576, 6, 6, 'Animal 576', '491', '181');
insert into animal(animal_id, owner_id, animal_type_id, name, age, weight) values (577, 7, 7, 'Animal 577', '431', '2581');
insert into animal(animal_id, owner_id, animal_type_id, name, age, weight) values (578, 8, 8, 'Animal 578', '81', '841');
insert into animal(animal_id, owner_id, animal_type_id, name, age, weight) values (579, 9, 9, 'Animal 579', '41', '2551');
insert into animal(animal_id, owner_id, animal_type_id, name, age, weight) values (580, 10, 10, 'Animal 580', '501', '2671');
insert into animal(animal_id, owner_id, animal_type_id, name, age, weight) values (581, 1, 1, 'Animal 581', '31', '2041');
insert into animal(animal_id, owner_id, animal_type_id, name, age, weight) values (582, 2, 2, 'Animal 582', '431', '661');
insert into animal(animal_id, owner_id, animal_type_id, name, age, weight) values (583, 3, 3, 'Animal 583', '241', '4441');
insert into animal(animal_id, owner_id, animal_type_id, name, age, weight) values (584, 4, 4, 'Animal 584', '31', '3031');
insert into animal(animal_id, owner_id, animal_type_id, name, age, weight) values (585, 5, 5, 'Animal 585', '81', '3371');
insert into animal(animal_id, owner_id, animal_type_id, name, age, weight) values (586, 6, 6, 'Animal 586', '131', '3891');
insert into animal(animal_id, owner_id, animal_type_id, name, age, weight) values (587, 7, 7, 'Animal 587', '321', '661');
insert into animal(animal_id, owner_id, animal_type_id, name, age, weight) values (588, 8, 8, 'Animal 588', '121', '3361');
insert into animal(animal_id, owner_id, animal_type_id, name, age, weight) values (589, 9, 9, 'Animal 589', '551', '3051');
insert into animal(animal_id, owner_id, animal_type_id, name, age, weight) values (590, 10, 10, 'Animal 590', '351', '5011');
insert into animal(animal_id, owner_id, animal_type_id, name, age, weight) values (591, 1, 1, 'Animal 591', '151', '2221');
insert into animal(animal_id, owner_id, animal_type_id, name, age, weight) values (592, 2, 2, 'Animal 592', '471', '1751');
insert into animal(animal_id, owner_id, animal_type_id, name, age, weight) values (593, 3, 3, 'Animal 593', '421', '3701');
insert into animal(animal_id, owner_id, animal_type_id, name, age, weight) values (594, 4, 4, 'Animal 594', '441', '4321');
insert into animal(animal_id, owner_id, animal_type_id, name, age, weight) values (595, 5, 5, 'Animal 595', '441', '2391');
insert into animal(animal_id, owner_id, animal_type_id, name, age, weight) values (596, 6, 6, 'Animal 596', '221', '3151');
insert into animal(animal_id, owner_id, animal_type_id, name, age, weight) values (597, 7, 7, 'Animal 597', '241', '5941');
insert into animal(animal_id, owner_id, animal_type_id, name, age, weight) values (598, 8, 8, 'Animal 598', '581', '5971');
insert into animal(animal_id, owner_id, animal_type_id, name, age, weight) values (599, 9, 9, 'Animal 599', '301', '2701');
insert into animal(animal_id, owner_id, animal_type_id, name, age, weight) values (600, 10, 10, 'Animal 600', '191', '2821');
insert into animal(animal_id, owner_id, animal_type_id, name, age, weight) values (601, 1, 1, 'Animal 601', '21', '5501');
insert into animal(animal_id, owner_id, animal_type_id, name, age, weight) values (602, 2, 2, 'Animal 602', '581', '1041');
insert into animal(animal_id, owner_id, animal_type_id, name, age, weight) values (603, 3, 3, 'Animal 603', '211', '1601');
insert into animal(animal_id, owner_id, animal_type_id, name, age, weight) values (604, 4, 4, 'Animal 604', '231', '2481');
insert into animal(animal_id, owner_id, animal_type_id, name, age, weight) values (605, 5, 5, 'Animal 605', '181', '901');
insert into animal(animal_id, owner_id, animal_type_id, name, age, weight) values (606, 6, 6, 'Animal 606', '111', '4201');
insert into animal(animal_id, owner_id, animal_type_id, name, age, weight) values (607, 7, 7, 'Animal 607', '571', '5451');
insert into animal(animal_id, owner_id, animal_type_id, name, age, weight) values (608, 8, 8, 'Animal 608', '141', '3621');
insert into animal(animal_id, owner_id, animal_type_id, name, age, weight) values (609, 9, 9, 'Animal 609', '471', '5781');
insert into animal(animal_id, owner_id, animal_type_id, name, age, weight) values (610, 10, 10, 'Animal 610', '351', '2371');
insert into animal(animal_id, owner_id, animal_type_id, name, age, weight) values (611, 1, 1, 'Animal 611', '181', '1521');
insert into animal(animal_id, owner_id, animal_type_id, name, age, weight) values (612, 2, 2, 'Animal 612', '281', '1521');
insert into animal(animal_id, owner_id, animal_type_id, name, age, weight) values (613, 3, 3, 'Animal 613', '281', '2871');
insert into animal(animal_id, owner_id, animal_type_id, name, age, weight) values (614, 4, 4, 'Animal 614', '201', '861');
insert into animal(animal_id, owner_id, animal_type_id, name, age, weight) values (615, 5, 5, 'Animal 615', '421', '4701');
insert into animal(animal_id, owner_id, animal_type_id, name, age, weight) values (616, 6, 6, 'Animal 616', '221', '2361');
insert into animal(animal_id, owner_id, animal_type_id, name, age, weight) values (617, 7, 7, 'Animal 617', '581', '941');
insert into animal(animal_id, owner_id, animal_type_id, name, age, weight) values (618, 8, 8, 'Animal 618', '341', '3011');
insert into animal(animal_id, owner_id, animal_type_id, name, age, weight) values (619, 9, 9, 'Animal 619', '521', '1211');
insert into animal(animal_id, owner_id, animal_type_id, name, age, weight) values (620, 10, 10, 'Animal 620', '371', '4771');
insert into animal(animal_id, owner_id, animal_type_id, name, age, weight) values (621, 1, 1, 'Animal 621', '471', '3461');
insert into animal(animal_id, owner_id, animal_type_id, name, age, weight) values (622, 2, 2, 'Animal 622', '431', '561');
insert into animal(animal_id, owner_id, animal_type_id, name, age, weight) values (623, 3, 3, 'Animal 623', '361', '2941');
insert into animal(animal_id, owner_id, animal_type_id, name, age, weight) values (624, 4, 4, 'Animal 624', '491', '491');
insert into animal(animal_id, owner_id, animal_type_id, name, age, weight) values (625, 5, 5, 'Animal 625', '541', '3071');
insert into animal(animal_id, owner_id, animal_type_id, name, age, weight) values (626, 6, 6, 'Animal 626', '471', '3431');
insert into animal(animal_id, owner_id, animal_type_id, name, age, weight) values (627, 7, 7, 'Animal 627', '521', '4611');
insert into animal(animal_id, owner_id, animal_type_id, name, age, weight) values (628, 8, 8, 'Animal 628', '21', '4101');
insert into animal(animal_id, owner_id, animal_type_id, name, age, weight) values (629, 9, 9, 'Animal 629', '461', '4061');
insert into animal(animal_id, owner_id, animal_type_id, name, age, weight) values (630, 10, 10, 'Animal 630', '531', '4891');
insert into animal(animal_id, owner_id, animal_type_id, name, age, weight) values (631, 1, 1, 'Animal 631', '521', '3451');
insert into animal(animal_id, owner_id, animal_type_id, name, age, weight) values (632, 2, 2, 'Animal 632', '81', '4151');
insert into animal(animal_id, owner_id, animal_type_id, name, age, weight) values (633, 3, 3, 'Animal 633', '591', '5811');
insert into animal(animal_id, owner_id, animal_type_id, name, age, weight) values (634, 4, 4, 'Animal 634', '411', '4891');
insert into animal(animal_id, owner_id, animal_type_id, name, age, weight) values (635, 5, 5, 'Animal 635', '151', '2461');
insert into animal(animal_id, owner_id, animal_type_id, name, age, weight) values (636, 6, 6, 'Animal 636', '581', '4921');
insert into animal(animal_id, owner_id, animal_type_id, name, age, weight) values (637, 7, 7, 'Animal 637', '521', '3791');
insert into animal(animal_id, owner_id, animal_type_id, name, age, weight) values (638, 8, 8, 'Animal 638', '561', '5911');
insert into animal(animal_id, owner_id, animal_type_id, name, age, weight) values (639, 9, 9, 'Animal 639', '11', '3661');
insert into animal(animal_id, owner_id, animal_type_id, name, age, weight) values (640, 10, 10, 'Animal 640', '561', '5651');
insert into animal(animal_id, owner_id, animal_type_id, name, age, weight) values (641, 1, 1, 'Animal 641', '491', '3571');
insert into animal(animal_id, owner_id, animal_type_id, name, age, weight) values (642, 2, 2, 'Animal 642', '141', '3441');
insert into animal(animal_id, owner_id, animal_type_id, name, age, weight) values (643, 3, 3, 'Animal 643', '391', '3281');
insert into animal(animal_id, owner_id, animal_type_id, name, age, weight) values (644, 4, 4, 'Animal 644', '541', '1471');
insert into animal(animal_id, owner_id, animal_type_id, name, age, weight) values (645, 5, 5, 'Animal 645', '151', '5921');
insert into animal(animal_id, owner_id, animal_type_id, name, age, weight) values (646, 6, 6, 'Animal 646', '401', '1661');
insert into animal(animal_id, owner_id, animal_type_id, name, age, weight) values (647, 7, 7, 'Animal 647', '211', '2551');
insert into animal(animal_id, owner_id, animal_type_id, name, age, weight) values (648, 8, 8, 'Animal 648', '321', '3431');
insert into animal(animal_id, owner_id, animal_type_id, name, age, weight) values (649, 9, 9, 'Animal 649', '281', '3911');
insert into animal(animal_id, owner_id, animal_type_id, name, age, weight) values (650, 10, 10, 'Animal 650', '341', '4371');
insert into animal(animal_id, owner_id, animal_type_id, name, age, weight) values (651, 1, 1, 'Animal 651', '501', '621');
insert into animal(animal_id, owner_id, animal_type_id, name, age, weight) values (652, 2, 2, 'Animal 652', '471', '1861');
insert into animal(animal_id, owner_id, animal_type_id, name, age, weight) values (653, 3, 3, 'Animal 653', '431', '3121');
insert into animal(animal_id, owner_id, animal_type_id, name, age, weight) values (654, 4, 4, 'Animal 654', '501', '2611');
insert into animal(animal_id, owner_id, animal_type_id, name, age, weight) values (655, 5, 5, 'Animal 655', '411', '5731');
insert into animal(animal_id, owner_id, animal_type_id, name, age, weight) values (656, 6, 6, 'Animal 656', '151', '1451');
insert into animal(animal_id, owner_id, animal_type_id, name, age, weight) values (657, 7, 7, 'Animal 657', '181', '5261');
insert into animal(animal_id, owner_id, animal_type_id, name, age, weight) values (658, 8, 8, 'Animal 658', '91', '5431');
insert into animal(animal_id, owner_id, animal_type_id, name, age, weight) values (659, 9, 9, 'Animal 659', '41', '3841');
insert into animal(animal_id, owner_id, animal_type_id, name, age, weight) values (660, 10, 10, 'Animal 660', '391', '5131');
insert into animal(animal_id, owner_id, animal_type_id, name, age, weight) values (661, 1, 1, 'Animal 661', '521', '3921');
insert into animal(animal_id, owner_id, animal_type_id, name, age, weight) values (662, 2, 2, 'Animal 662', '171', '5891');
insert into animal(animal_id, owner_id, animal_type_id, name, age, weight) values (663, 3, 3, 'Animal 663', '211', '1831');
insert into animal(animal_id, owner_id, animal_type_id, name, age, weight) values (664, 4, 4, 'Animal 664', '281', '1421');
insert into animal(animal_id, owner_id, animal_type_id, name, age, weight) values (665, 5, 5, 'Animal 665', '331', '2221');
insert into animal(animal_id, owner_id, animal_type_id, name, age, weight) values (666, 6, 6, 'Animal 666', '481', '4021');
insert into animal(animal_id, owner_id, animal_type_id, name, age, weight) values (667, 7, 7, 'Animal 667', '241', '3751');
insert into animal(animal_id, owner_id, animal_type_id, name, age, weight) values (668, 8, 8, 'Animal 668', '191', '371');
insert into animal(animal_id, owner_id, animal_type_id, name, age, weight) values (669, 9, 9, 'Animal 669', '191', '5461');
insert into animal(animal_id, owner_id, animal_type_id, name, age, weight) values (670, 10, 10, 'Animal 670', '111', '4661');
insert into animal(animal_id, owner_id, animal_type_id, name, age, weight) values (671, 1, 1, 'Animal 671', '131', '2731');
insert into animal(animal_id, owner_id, animal_type_id, name, age, weight) values (672, 2, 2, 'Animal 672', '361', '541');
insert into animal(animal_id, owner_id, animal_type_id, name, age, weight) values (673, 3, 3, 'Animal 673', '401', '5901');
insert into animal(animal_id, owner_id, animal_type_id, name, age, weight) values (674, 4, 4, 'Animal 674', '01', '1261');
insert into animal(animal_id, owner_id, animal_type_id, name, age, weight) values (675, 5, 5, 'Animal 675', '111', '821');
insert into animal(animal_id, owner_id, animal_type_id, name, age, weight) values (676, 6, 6, 'Animal 676', '411', '2621');
insert into animal(animal_id, owner_id, animal_type_id, name, age, weight) values (677, 7, 7, 'Animal 677', '421', '2271');
insert into animal(animal_id, owner_id, animal_type_id, name, age, weight) values (678, 8, 8, 'Animal 678', '241', '1271');
insert into animal(animal_id, owner_id, animal_type_id, name, age, weight) values (679, 9, 9, 'Animal 679', '61', '1311');
insert into animal(animal_id, owner_id, animal_type_id, name, age, weight) values (680, 10, 10, 'Animal 680', '351', '5071');
insert into animal(animal_id, owner_id, animal_type_id, name, age, weight) values (681, 1, 1, 'Animal 681', '31', '321');
insert into animal(animal_id, owner_id, animal_type_id, name, age, weight) values (682, 2, 2, 'Animal 682', '241', '5091');
insert into animal(animal_id, owner_id, animal_type_id, name, age, weight) values (683, 3, 3, 'Animal 683', '321', '2201');
insert into animal(animal_id, owner_id, animal_type_id, name, age, weight) values (684, 4, 4, 'Animal 684', '141', '4381');
insert into animal(animal_id, owner_id, animal_type_id, name, age, weight) values (685, 5, 5, 'Animal 685', '21', '4671');
insert into animal(animal_id, owner_id, animal_type_id, name, age, weight) values (686, 6, 6, 'Animal 686', '81', '5931');
insert into animal(animal_id, owner_id, animal_type_id, name, age, weight) values (687, 7, 7, 'Animal 687', '31', '4041');
insert into animal(animal_id, owner_id, animal_type_id, name, age, weight) values (688, 8, 8, 'Animal 688', '301', '411');
insert into animal(animal_id, owner_id, animal_type_id, name, age, weight) values (689, 9, 9, 'Animal 689', '411', '2531');
insert into animal(animal_id, owner_id, animal_type_id, name, age, weight) values (690, 10, 10, 'Animal 690', '211', '751');
insert into animal(animal_id, owner_id, animal_type_id, name, age, weight) values (691, 1, 1, 'Animal 691', '171', '981');
insert into animal(animal_id, owner_id, animal_type_id, name, age, weight) values (692, 2, 2, 'Animal 692', '191', '2691');
insert into animal(animal_id, owner_id, animal_type_id, name, age, weight) values (693, 3, 3, 'Animal 693', '291', '841');
insert into animal(animal_id, owner_id, animal_type_id, name, age, weight) values (694, 4, 4, 'Animal 694', '421', '4581');
insert into animal(animal_id, owner_id, animal_type_id, name, age, weight) values (695, 5, 5, 'Animal 695', '191', '2491');
insert into animal(animal_id, owner_id, animal_type_id, name, age, weight) values (696, 6, 6, 'Animal 696', '251', '1161');
insert into animal(animal_id, owner_id, animal_type_id, name, age, weight) values (697, 7, 7, 'Animal 697', '51', '2631');
insert into animal(animal_id, owner_id, animal_type_id, name, age, weight) values (698, 8, 8, 'Animal 698', '521', '3401');
insert into animal(animal_id, owner_id, animal_type_id, name, age, weight) values (699, 9, 9, 'Animal 699', '591', '2811');
insert into animal(animal_id, owner_id, animal_type_id, name, age, weight) values (700, 10, 10, 'Animal 700', '451', '3371');
insert into animal(animal_id, owner_id, animal_type_id, name, age, weight) values (701, 1, 1, 'Animal 701', '361', '3501');
insert into animal(animal_id, owner_id, animal_type_id, name, age, weight) values (702, 2, 2, 'Animal 702', '451', '3931');
insert into animal(animal_id, owner_id, animal_type_id, name, age, weight) values (703, 3, 3, 'Animal 703', '531', '4831');
insert into animal(animal_id, owner_id, animal_type_id, name, age, weight) values (704, 4, 4, 'Animal 704', '571', '491');
insert into animal(animal_id, owner_id, animal_type_id, name, age, weight) values (705, 5, 5, 'Animal 705', '451', '361');
insert into animal(animal_id, owner_id, animal_type_id, name, age, weight) values (706, 6, 6, 'Animal 706', '131', '4691');
insert into animal(animal_id, owner_id, animal_type_id, name, age, weight) values (707, 7, 7, 'Animal 707', '41', '2541');
insert into animal(animal_id, owner_id, animal_type_id, name, age, weight) values (708, 8, 8, 'Animal 708', '331', '5861');
insert into animal(animal_id, owner_id, animal_type_id, name, age, weight) values (709, 9, 9, 'Animal 709', '451', '4611');
insert into animal(animal_id, owner_id, animal_type_id, name, age, weight) values (710, 10, 10, 'Animal 710', '31', '2911');
insert into animal(animal_id, owner_id, animal_type_id, name, age, weight) values (711, 1, 1, 'Animal 711', '01', '411');
insert into animal(animal_id, owner_id, animal_type_id, name, age, weight) values (712, 2, 2, 'Animal 712', '111', '1521');
insert into animal(animal_id, owner_id, animal_type_id, name, age, weight) values (713, 3, 3, 'Animal 713', '101', '4581');
insert into animal(animal_id, owner_id, animal_type_id, name, age, weight) values (714, 4, 4, 'Animal 714', '461', '5371');
insert into animal(animal_id, owner_id, animal_type_id, name, age, weight) values (715, 5, 5, 'Animal 715', '311', '501');
insert into animal(animal_id, owner_id, animal_type_id, name, age, weight) values (716, 6, 6, 'Animal 716', '321', '4211');
insert into animal(animal_id, owner_id, animal_type_id, name, age, weight) values (717, 7, 7, 'Animal 717', '541', '4351');
insert into animal(animal_id, owner_id, animal_type_id, name, age, weight) values (718, 8, 8, 'Animal 718', '271', '5021');
insert into animal(animal_id, owner_id, animal_type_id, name, age, weight) values (719, 9, 9, 'Animal 719', '71', '4241');
insert into animal(animal_id, owner_id, animal_type_id, name, age, weight) values (720, 10, 10, 'Animal 720', '531', '5531');
insert into animal(animal_id, owner_id, animal_type_id, name, age, weight) values (721, 1, 1, 'Animal 721', '311', '4341');
insert into animal(animal_id, owner_id, animal_type_id, name, age, weight) values (722, 2, 2, 'Animal 722', '191', '1761');
insert into animal(animal_id, owner_id, animal_type_id, name, age, weight) values (723, 3, 3, 'Animal 723', '431', '1411');
insert into animal(animal_id, owner_id, animal_type_id, name, age, weight) values (724, 4, 4, 'Animal 724', '101', '981');
insert into animal(animal_id, owner_id, animal_type_id, name, age, weight) values (725, 5, 5, 'Animal 725', '91', '1941');
insert into animal(animal_id, owner_id, animal_type_id, name, age, weight) values (726, 6, 6, 'Animal 726', '241', '5821');
insert into animal(animal_id, owner_id, animal_type_id, name, age, weight) values (727, 7, 7, 'Animal 727', '341', '1521');
insert into animal(animal_id, owner_id, animal_type_id, name, age, weight) values (728, 8, 8, 'Animal 728', '501', '371');
insert into animal(animal_id, owner_id, animal_type_id, name, age, weight) values (729, 9, 9, 'Animal 729', '421', '3891');
insert into animal(animal_id, owner_id, animal_type_id, name, age, weight) values (730, 10, 10, 'Animal 730', '141', '2301');
insert into animal(animal_id, owner_id, animal_type_id, name, age, weight) values (731, 1, 1, 'Animal 731', '121', '3511');
insert into animal(animal_id, owner_id, animal_type_id, name, age, weight) values (732, 2, 2, 'Animal 732', '521', '1451');
insert into animal(animal_id, owner_id, animal_type_id, name, age, weight) values (733, 3, 3, 'Animal 733', '231', '3511');
insert into animal(animal_id, owner_id, animal_type_id, name, age, weight) values (734, 4, 4, 'Animal 734', '591', '2541');
insert into animal(animal_id, owner_id, animal_type_id, name, age, weight) values (735, 5, 5, 'Animal 735', '221', '5071');
insert into animal(animal_id, owner_id, animal_type_id, name, age, weight) values (736, 6, 6, 'Animal 736', '461', '391');
insert into animal(animal_id, owner_id, animal_type_id, name, age, weight) values (737, 7, 7, 'Animal 737', '221', '4101');
insert into animal(animal_id, owner_id, animal_type_id, name, age, weight) values (738, 8, 8, 'Animal 738', '81', '4121');
insert into animal(animal_id, owner_id, animal_type_id, name, age, weight) values (739, 9, 9, 'Animal 739', '101', '1381');
insert into animal(animal_id, owner_id, animal_type_id, name, age, weight) values (740, 10, 10, 'Animal 740', '141', '4361');
insert into animal(animal_id, owner_id, animal_type_id, name, age, weight) values (741, 1, 1, 'Animal 741', '291', '3191');
insert into animal(animal_id, owner_id, animal_type_id, name, age, weight) values (742, 2, 2, 'Animal 742', '191', '3501');
insert into animal(animal_id, owner_id, animal_type_id, name, age, weight) values (743, 3, 3, 'Animal 743', '261', '291');
insert into animal(animal_id, owner_id, animal_type_id, name, age, weight) values (744, 4, 4, 'Animal 744', '131', '4851');
insert into animal(animal_id, owner_id, animal_type_id, name, age, weight) values (745, 5, 5, 'Animal 745', '61', '4671');
insert into animal(animal_id, owner_id, animal_type_id, name, age, weight) values (746, 6, 6, 'Animal 746', '121', '631');
insert into animal(animal_id, owner_id, animal_type_id, name, age, weight) values (747, 7, 7, 'Animal 747', '91', '1831');
insert into animal(animal_id, owner_id, animal_type_id, name, age, weight) values (748, 8, 8, 'Animal 748', '431', '1851');
insert into animal(animal_id, owner_id, animal_type_id, name, age, weight) values (749, 9, 9, 'Animal 749', '121', '571');
insert into animal(animal_id, owner_id, animal_type_id, name, age, weight) values (750, 10, 10, 'Animal 750', '591', '4021');
insert into animal(animal_id, owner_id, animal_type_id, name, age, weight) values (751, 1, 1, 'Animal 751', '91', '301');
insert into animal(animal_id, owner_id, animal_type_id, name, age, weight) values (752, 2, 2, 'Animal 752', '421', '4311');
insert into animal(animal_id, owner_id, animal_type_id, name, age, weight) values (753, 3, 3, 'Animal 753', '71', '3871');
insert into animal(animal_id, owner_id, animal_type_id, name, age, weight) values (754, 4, 4, 'Animal 754', '221', '3111');
insert into animal(animal_id, owner_id, animal_type_id, name, age, weight) values (755, 5, 5, 'Animal 755', '251', '3591');
insert into animal(animal_id, owner_id, animal_type_id, name, age, weight) values (756, 6, 6, 'Animal 756', '561', '1441');
insert into animal(animal_id, owner_id, animal_type_id, name, age, weight) values (757, 7, 7, 'Animal 757', '281', '5301');
insert into animal(animal_id, owner_id, animal_type_id, name, age, weight) values (758, 8, 8, 'Animal 758', '421', '2251');
insert into animal(animal_id, owner_id, animal_type_id, name, age, weight) values (759, 9, 9, 'Animal 759', '291', '5931');
insert into animal(animal_id, owner_id, animal_type_id, name, age, weight) values (760, 10, 10, 'Animal 760', '551', '1011');
insert into animal(animal_id, owner_id, animal_type_id, name, age, weight) values (761, 1, 1, 'Animal 761', '331', '1521');
insert into animal(animal_id, owner_id, animal_type_id, name, age, weight) values (762, 2, 2, 'Animal 762', '41', '641');
insert into animal(animal_id, owner_id, animal_type_id, name, age, weight) values (763, 3, 3, 'Animal 763', '101', '2811');
insert into animal(animal_id, owner_id, animal_type_id, name, age, weight) values (764, 4, 4, 'Animal 764', '381', '1861');
insert into animal(animal_id, owner_id, animal_type_id, name, age, weight) values (765, 5, 5, 'Animal 765', '551', '4101');
insert into animal(animal_id, owner_id, animal_type_id, name, age, weight) values (766, 6, 6, 'Animal 766', '411', '711');
insert into animal(animal_id, owner_id, animal_type_id, name, age, weight) values (767, 7, 7, 'Animal 767', '251', '1351');
insert into animal(animal_id, owner_id, animal_type_id, name, age, weight) values (768, 8, 8, 'Animal 768', '131', '931');
insert into animal(animal_id, owner_id, animal_type_id, name, age, weight) values (769, 9, 9, 'Animal 769', '381', '5691');
insert into animal(animal_id, owner_id, animal_type_id, name, age, weight) values (770, 10, 10, 'Animal 770', '101', '4921');
insert into animal(animal_id, owner_id, animal_type_id, name, age, weight) values (771, 1, 1, 'Animal 771', '361', '4311');
insert into animal(animal_id, owner_id, animal_type_id, name, age, weight) values (772, 2, 2, 'Animal 772', '191', '5381');
insert into animal(animal_id, owner_id, animal_type_id, name, age, weight) values (773, 3, 3, 'Animal 773', '111', '391');
insert into animal(animal_id, owner_id, animal_type_id, name, age, weight) values (774, 4, 4, 'Animal 774', '441', '4301');
insert into animal(animal_id, owner_id, animal_type_id, name, age, weight) values (775, 5, 5, 'Animal 775', '491', '4801');
insert into animal(animal_id, owner_id, animal_type_id, name, age, weight) values (776, 6, 6, 'Animal 776', '201', '4291');
insert into animal(animal_id, owner_id, animal_type_id, name, age, weight) values (777, 7, 7, 'Animal 777', '401', '2011');
insert into animal(animal_id, owner_id, animal_type_id, name, age, weight) values (778, 8, 8, 'Animal 778', '321', '1341');
insert into animal(animal_id, owner_id, animal_type_id, name, age, weight) values (779, 9, 9, 'Animal 779', '591', '331');
insert into animal(animal_id, owner_id, animal_type_id, name, age, weight) values (780, 10, 10, 'Animal 780', '51', '3321');
insert into animal(animal_id, owner_id, animal_type_id, name, age, weight) values (781, 1, 1, 'Animal 781', '151', '2961');
insert into animal(animal_id, owner_id, animal_type_id, name, age, weight) values (782, 2, 2, 'Animal 782', '131', '5181');
insert into animal(animal_id, owner_id, animal_type_id, name, age, weight) values (783, 3, 3, 'Animal 783', '01', '541');
insert into animal(animal_id, owner_id, animal_type_id, name, age, weight) values (784, 4, 4, 'Animal 784', '31', '4101');
insert into animal(animal_id, owner_id, animal_type_id, name, age, weight) values (785, 5, 5, 'Animal 785', '281', '2271');
insert into animal(animal_id, owner_id, animal_type_id, name, age, weight) values (786, 6, 6, 'Animal 786', '361', '551');
insert into animal(animal_id, owner_id, animal_type_id, name, age, weight) values (787, 7, 7, 'Animal 787', '581', '1791');
insert into animal(animal_id, owner_id, animal_type_id, name, age, weight) values (788, 8, 8, 'Animal 788', '101', '4421');
insert into animal(animal_id, owner_id, animal_type_id, name, age, weight) values (789, 9, 9, 'Animal 789', '181', '2271');
insert into animal(animal_id, owner_id, animal_type_id, name, age, weight) values (790, 10, 10, 'Animal 790', '201', '3901');
insert into animal(animal_id, owner_id, animal_type_id, name, age, weight) values (791, 1, 1, 'Animal 791', '481', '3971');
insert into animal(animal_id, owner_id, animal_type_id, name, age, weight) values (792, 2, 2, 'Animal 792', '111', '3291');
insert into animal(animal_id, owner_id, animal_type_id, name, age, weight) values (793, 3, 3, 'Animal 793', '01', '5411');
insert into animal(animal_id, owner_id, animal_type_id, name, age, weight) values (794, 4, 4, 'Animal 794', '281', '5771');
insert into animal(animal_id, owner_id, animal_type_id, name, age, weight) values (795, 5, 5, 'Animal 795', '341', '2061');
insert into animal(animal_id, owner_id, animal_type_id, name, age, weight) values (796, 6, 6, 'Animal 796', '191', '3291');
insert into animal(animal_id, owner_id, animal_type_id, name, age, weight) values (797, 7, 7, 'Animal 797', '171', '1301');
insert into animal(animal_id, owner_id, animal_type_id, name, age, weight) values (798, 8, 8, 'Animal 798', '61', '4101');
insert into animal(animal_id, owner_id, animal_type_id, name, age, weight) values (799, 9, 9, 'Animal 799', '561', '531');
insert into animal(animal_id, owner_id, animal_type_id, name, age, weight) values (800, 10, 10, 'Animal 800', '591', '5661');
insert into animal(animal_id, owner_id, animal_type_id, name, age, weight) values (801, 1, 1, 'Animal 801', '311', '171');
insert into animal(animal_id, owner_id, animal_type_id, name, age, weight) values (802, 2, 2, 'Animal 802', '551', '4781');
insert into animal(animal_id, owner_id, animal_type_id, name, age, weight) values (803, 3, 3, 'Animal 803', '421', '3181');
insert into animal(animal_id, owner_id, animal_type_id, name, age, weight) values (804, 4, 4, 'Animal 804', '481', '2181');
insert into animal(animal_id, owner_id, animal_type_id, name, age, weight) values (805, 5, 5, 'Animal 805', '341', '5331');
insert into animal(animal_id, owner_id, animal_type_id, name, age, weight) values (806, 6, 6, 'Animal 806', '391', '2931');
insert into animal(animal_id, owner_id, animal_type_id, name, age, weight) values (807, 7, 7, 'Animal 807', '161', '2871');
insert into animal(animal_id, owner_id, animal_type_id, name, age, weight) values (808, 8, 8, 'Animal 808', '141', '1591');
insert into animal(animal_id, owner_id, animal_type_id, name, age, weight) values (809, 9, 9, 'Animal 809', '581', '811');
insert into animal(animal_id, owner_id, animal_type_id, name, age, weight) values (810, 10, 10, 'Animal 810', '561', '3191');
insert into animal(animal_id, owner_id, animal_type_id, name, age, weight) values (811, 1, 1, 'Animal 811', '521', '3611');
insert into animal(animal_id, owner_id, animal_type_id, name, age, weight) values (812, 2, 2, 'Animal 812', '421', '1991');
insert into animal(animal_id, owner_id, animal_type_id, name, age, weight) values (813, 3, 3, 'Animal 813', '291', '5651');
insert into animal(animal_id, owner_id, animal_type_id, name, age, weight) values (814, 4, 4, 'Animal 814', '231', '1331');
insert into animal(animal_id, owner_id, animal_type_id, name, age, weight) values (815, 5, 5, 'Animal 815', '201', '5161');
insert into animal(animal_id, owner_id, animal_type_id, name, age, weight) values (816, 6, 6, 'Animal 816', '351', '3081');
insert into animal(animal_id, owner_id, animal_type_id, name, age, weight) values (817, 7, 7, 'Animal 817', '171', '1101');
insert into animal(animal_id, owner_id, animal_type_id, name, age, weight) values (818, 8, 8, 'Animal 818', '451', '1971');
insert into animal(animal_id, owner_id, animal_type_id, name, age, weight) values (819, 9, 9, 'Animal 819', '01', '1201');
insert into animal(animal_id, owner_id, animal_type_id, name, age, weight) values (820, 10, 10, 'Animal 820', '281', '5031');
insert into animal(animal_id, owner_id, animal_type_id, name, age, weight) values (821, 1, 1, 'Animal 821', '241', '701');
insert into animal(animal_id, owner_id, animal_type_id, name, age, weight) values (822, 2, 2, 'Animal 822', '21', '2631');
insert into animal(animal_id, owner_id, animal_type_id, name, age, weight) values (823, 3, 3, 'Animal 823', '421', '4931');
insert into animal(animal_id, owner_id, animal_type_id, name, age, weight) values (824, 4, 4, 'Animal 824', '451', '3381');
insert into animal(animal_id, owner_id, animal_type_id, name, age, weight) values (825, 5, 5, 'Animal 825', '91', '1281');
insert into animal(animal_id, owner_id, animal_type_id, name, age, weight) values (826, 6, 6, 'Animal 826', '461', '3151');
insert into animal(animal_id, owner_id, animal_type_id, name, age, weight) values (827, 7, 7, 'Animal 827', '561', '1741');
insert into animal(animal_id, owner_id, animal_type_id, name, age, weight) values (828, 8, 8, 'Animal 828', '401', '4751');
insert into animal(animal_id, owner_id, animal_type_id, name, age, weight) values (829, 9, 9, 'Animal 829', '171', '3761');
insert into animal(animal_id, owner_id, animal_type_id, name, age, weight) values (830, 10, 10, 'Animal 830', '121', '2401');
insert into animal(animal_id, owner_id, animal_type_id, name, age, weight) values (831, 1, 1, 'Animal 831', '501', '4561');
insert into animal(animal_id, owner_id, animal_type_id, name, age, weight) values (832, 2, 2, 'Animal 832', '371', '11');
insert into animal(animal_id, owner_id, animal_type_id, name, age, weight) values (833, 3, 3, 'Animal 833', '391', '1221');
insert into animal(animal_id, owner_id, animal_type_id, name, age, weight) values (834, 4, 4, 'Animal 834', '221', '4561');
insert into animal(animal_id, owner_id, animal_type_id, name, age, weight) values (835, 5, 5, 'Animal 835', '441', '5351');
insert into animal(animal_id, owner_id, animal_type_id, name, age, weight) values (836, 6, 6, 'Animal 836', '01', '4841');
insert into animal(animal_id, owner_id, animal_type_id, name, age, weight) values (837, 7, 7, 'Animal 837', '591', '3201');
insert into animal(animal_id, owner_id, animal_type_id, name, age, weight) values (838, 8, 8, 'Animal 838', '41', '4411');
insert into animal(animal_id, owner_id, animal_type_id, name, age, weight) values (839, 9, 9, 'Animal 839', '371', '471');
insert into animal(animal_id, owner_id, animal_type_id, name, age, weight) values (840, 10, 10, 'Animal 840', '271', '5681');
insert into animal(animal_id, owner_id, animal_type_id, name, age, weight) values (841, 1, 1, 'Animal 841', '71', '3901');
insert into animal(animal_id, owner_id, animal_type_id, name, age, weight) values (842, 2, 2, 'Animal 842', '151', '2811');
insert into animal(animal_id, owner_id, animal_type_id, name, age, weight) values (843, 3, 3, 'Animal 843', '421', '1231');
insert into animal(animal_id, owner_id, animal_type_id, name, age, weight) values (844, 4, 4, 'Animal 844', '211', '4661');
insert into animal(animal_id, owner_id, animal_type_id, name, age, weight) values (845, 5, 5, 'Animal 845', '591', '3761');
insert into animal(animal_id, owner_id, animal_type_id, name, age, weight) values (846, 6, 6, 'Animal 846', '281', '741');
insert into animal(animal_id, owner_id, animal_type_id, name, age, weight) values (847, 7, 7, 'Animal 847', '451', '3261');
insert into animal(animal_id, owner_id, animal_type_id, name, age, weight) values (848, 8, 8, 'Animal 848', '251', '3311');
insert into animal(animal_id, owner_id, animal_type_id, name, age, weight) values (849, 9, 9, 'Animal 849', '361', '3011');
insert into animal(animal_id, owner_id, animal_type_id, name, age, weight) values (850, 10, 10, 'Animal 850', '71', '2181');
insert into animal(animal_id, owner_id, animal_type_id, name, age, weight) values (851, 1, 1, 'Animal 851', '461', '3701');
insert into animal(animal_id, owner_id, animal_type_id, name, age, weight) values (852, 2, 2, 'Animal 852', '581', '4451');
insert into animal(animal_id, owner_id, animal_type_id, name, age, weight) values (853, 3, 3, 'Animal 853', '401', '2591');
insert into animal(animal_id, owner_id, animal_type_id, name, age, weight) values (854, 4, 4, 'Animal 854', '21', '1761');
insert into animal(animal_id, owner_id, animal_type_id, name, age, weight) values (855, 5, 5, 'Animal 855', '51', '291');
insert into animal(animal_id, owner_id, animal_type_id, name, age, weight) values (856, 6, 6, 'Animal 856', '181', '581');
insert into animal(animal_id, owner_id, animal_type_id, name, age, weight) values (857, 7, 7, 'Animal 857', '181', '5231');
insert into animal(animal_id, owner_id, animal_type_id, name, age, weight) values (858, 8, 8, 'Animal 858', '201', '4001');
insert into animal(animal_id, owner_id, animal_type_id, name, age, weight) values (859, 9, 9, 'Animal 859', '401', '271');
insert into animal(animal_id, owner_id, animal_type_id, name, age, weight) values (860, 10, 10, 'Animal 860', '581', '5411');
insert into animal(animal_id, owner_id, animal_type_id, name, age, weight) values (861, 1, 1, 'Animal 861', '31', '3511');
insert into animal(animal_id, owner_id, animal_type_id, name, age, weight) values (862, 2, 2, 'Animal 862', '511', '4581');
insert into animal(animal_id, owner_id, animal_type_id, name, age, weight) values (863, 3, 3, 'Animal 863', '371', '5591');
insert into animal(animal_id, owner_id, animal_type_id, name, age, weight) values (864, 4, 4, 'Animal 864', '551', '5731');
insert into animal(animal_id, owner_id, animal_type_id, name, age, weight) values (865, 5, 5, 'Animal 865', '561', '911');
insert into animal(animal_id, owner_id, animal_type_id, name, age, weight) values (866, 6, 6, 'Animal 866', '231', '4621');
insert into animal(animal_id, owner_id, animal_type_id, name, age, weight) values (867, 7, 7, 'Animal 867', '301', '801');
insert into animal(animal_id, owner_id, animal_type_id, name, age, weight) values (868, 8, 8, 'Animal 868', '281', '3641');
insert into animal(animal_id, owner_id, animal_type_id, name, age, weight) values (869, 9, 9, 'Animal 869', '261', '4221');
insert into animal(animal_id, owner_id, animal_type_id, name, age, weight) values (870, 10, 10, 'Animal 870', '401', '4801');
insert into animal(animal_id, owner_id, animal_type_id, name, age, weight) values (871, 1, 1, 'Animal 871', '531', '761');
insert into animal(animal_id, owner_id, animal_type_id, name, age, weight) values (872, 2, 2, 'Animal 872', '511', '3981');
insert into animal(animal_id, owner_id, animal_type_id, name, age, weight) values (873, 3, 3, 'Animal 873', '121', '5931');
insert into animal(animal_id, owner_id, animal_type_id, name, age, weight) values (874, 4, 4, 'Animal 874', '81', '2491');
insert into animal(animal_id, owner_id, animal_type_id, name, age, weight) values (875, 5, 5, 'Animal 875', '181', '1831');
insert into animal(animal_id, owner_id, animal_type_id, name, age, weight) values (876, 6, 6, 'Animal 876', '221', '831');
insert into animal(animal_id, owner_id, animal_type_id, name, age, weight) values (877, 7, 7, 'Animal 877', '141', '2111');
insert into animal(animal_id, owner_id, animal_type_id, name, age, weight) values (878, 8, 8, 'Animal 878', '351', '4641');
insert into animal(animal_id, owner_id, animal_type_id, name, age, weight) values (879, 9, 9, 'Animal 879', '451', '711');
insert into animal(animal_id, owner_id, animal_type_id, name, age, weight) values (880, 10, 10, 'Animal 880', '201', '461');
insert into animal(animal_id, owner_id, animal_type_id, name, age, weight) values (881, 1, 1, 'Animal 881', '71', '1721');
insert into animal(animal_id, owner_id, animal_type_id, name, age, weight) values (882, 2, 2, 'Animal 882', '261', '5221');
insert into animal(animal_id, owner_id, animal_type_id, name, age, weight) values (883, 3, 3, 'Animal 883', '21', '431');
insert into animal(animal_id, owner_id, animal_type_id, name, age, weight) values (884, 4, 4, 'Animal 884', '411', '5021');
insert into animal(animal_id, owner_id, animal_type_id, name, age, weight) values (885, 5, 5, 'Animal 885', '371', '4901');
insert into animal(animal_id, owner_id, animal_type_id, name, age, weight) values (886, 6, 6, 'Animal 886', '211', '2111');
insert into animal(animal_id, owner_id, animal_type_id, name, age, weight) values (887, 7, 7, 'Animal 887', '421', '1171');
insert into animal(animal_id, owner_id, animal_type_id, name, age, weight) values (888, 8, 8, 'Animal 888', '321', '1481');
insert into animal(animal_id, owner_id, animal_type_id, name, age, weight) values (889, 9, 9, 'Animal 889', '61', '2351');
insert into animal(animal_id, owner_id, animal_type_id, name, age, weight) values (890, 10, 10, 'Animal 890', '541', '2841');
insert into animal(animal_id, owner_id, animal_type_id, name, age, weight) values (891, 1, 1, 'Animal 891', '91', '5761');
insert into animal(animal_id, owner_id, animal_type_id, name, age, weight) values (892, 2, 2, 'Animal 892', '391', '411');
insert into animal(animal_id, owner_id, animal_type_id, name, age, weight) values (893, 3, 3, 'Animal 893', '421', '5611');
insert into animal(animal_id, owner_id, animal_type_id, name, age, weight) values (894, 4, 4, 'Animal 894', '311', '1341');
insert into animal(animal_id, owner_id, animal_type_id, name, age, weight) values (895, 5, 5, 'Animal 895', '181', '1941');
insert into animal(animal_id, owner_id, animal_type_id, name, age, weight) values (896, 6, 6, 'Animal 896', '471', '2711');
insert into animal(animal_id, owner_id, animal_type_id, name, age, weight) values (897, 7, 7, 'Animal 897', '311', '2741');
insert into animal(animal_id, owner_id, animal_type_id, name, age, weight) values (898, 8, 8, 'Animal 898', '371', '1051');
insert into animal(animal_id, owner_id, animal_type_id, name, age, weight) values (899, 9, 9, 'Animal 899', '71', '171');
insert into animal(animal_id, owner_id, animal_type_id, name, age, weight) values (900, 10, 10, 'Animal 900', '431', '1681');
insert into animal(animal_id, owner_id, animal_type_id, name, age, weight) values (901, 1, 1, 'Animal 901', '281', '2331');
insert into animal(animal_id, owner_id, animal_type_id, name, age, weight) values (902, 2, 2, 'Animal 902', '291', '5961');
insert into animal(animal_id, owner_id, animal_type_id, name, age, weight) values (903, 3, 3, 'Animal 903', '261', '3961');
insert into animal(animal_id, owner_id, animal_type_id, name, age, weight) values (904, 4, 4, 'Animal 904', '361', '3321');
insert into animal(animal_id, owner_id, animal_type_id, name, age, weight) values (905, 5, 5, 'Animal 905', '551', '3581');
insert into animal(animal_id, owner_id, animal_type_id, name, age, weight) values (906, 6, 6, 'Animal 906', '231', '2831');
insert into animal(animal_id, owner_id, animal_type_id, name, age, weight) values (907, 7, 7, 'Animal 907', '501', '5151');
insert into animal(animal_id, owner_id, animal_type_id, name, age, weight) values (908, 8, 8, 'Animal 908', '331', '4141');
insert into animal(animal_id, owner_id, animal_type_id, name, age, weight) values (909, 9, 9, 'Animal 909', '521', '3041');
insert into animal(animal_id, owner_id, animal_type_id, name, age, weight) values (910, 10, 10, 'Animal 910', '521', '1591');
insert into animal(animal_id, owner_id, animal_type_id, name, age, weight) values (911, 1, 1, 'Animal 911', '191', '4611');
insert into animal(animal_id, owner_id, animal_type_id, name, age, weight) values (912, 2, 2, 'Animal 912', '511', '2681');
insert into animal(animal_id, owner_id, animal_type_id, name, age, weight) values (913, 3, 3, 'Animal 913', '471', '4801');
insert into animal(animal_id, owner_id, animal_type_id, name, age, weight) values (914, 4, 4, 'Animal 914', '111', '3201');
insert into animal(animal_id, owner_id, animal_type_id, name, age, weight) values (915, 5, 5, 'Animal 915', '401', '3941');
insert into animal(animal_id, owner_id, animal_type_id, name, age, weight) values (916, 6, 6, 'Animal 916', '41', '1001');
insert into animal(animal_id, owner_id, animal_type_id, name, age, weight) values (917, 7, 7, 'Animal 917', '51', '2761');
insert into animal(animal_id, owner_id, animal_type_id, name, age, weight) values (918, 8, 8, 'Animal 918', '51', '5441');
insert into animal(animal_id, owner_id, animal_type_id, name, age, weight) values (919, 9, 9, 'Animal 919', '481', '4921');
insert into animal(animal_id, owner_id, animal_type_id, name, age, weight) values (920, 10, 10, 'Animal 920', '281', '4411');
insert into animal(animal_id, owner_id, animal_type_id, name, age, weight) values (921, 1, 1, 'Animal 921', '01', '2621');
insert into animal(animal_id, owner_id, animal_type_id, name, age, weight) values (922, 2, 2, 'Animal 922', '491', '171');
insert into animal(animal_id, owner_id, animal_type_id, name, age, weight) values (923, 3, 3, 'Animal 923', '291', '5211');
insert into animal(animal_id, owner_id, animal_type_id, name, age, weight) values (924, 4, 4, 'Animal 924', '211', '2261');
insert into animal(animal_id, owner_id, animal_type_id, name, age, weight) values (925, 5, 5, 'Animal 925', '381', '411');
insert into animal(animal_id, owner_id, animal_type_id, name, age, weight) values (926, 6, 6, 'Animal 926', '431', '3911');
insert into animal(animal_id, owner_id, animal_type_id, name, age, weight) values (927, 7, 7, 'Animal 927', '461', '601');
insert into animal(animal_id, owner_id, animal_type_id, name, age, weight) values (928, 8, 8, 'Animal 928', '51', '541');
insert into animal(animal_id, owner_id, animal_type_id, name, age, weight) values (929, 9, 9, 'Animal 929', '121', '3261');
insert into animal(animal_id, owner_id, animal_type_id, name, age, weight) values (930, 10, 10, 'Animal 930', '361', '151');
insert into animal(animal_id, owner_id, animal_type_id, name, age, weight) values (931, 1, 1, 'Animal 931', '51', '5211');
insert into animal(animal_id, owner_id, animal_type_id, name, age, weight) values (932, 2, 2, 'Animal 932', '21', '2801');
insert into animal(animal_id, owner_id, animal_type_id, name, age, weight) values (933, 3, 3, 'Animal 933', '11', '4861');
insert into animal(animal_id, owner_id, animal_type_id, name, age, weight) values (934, 4, 4, 'Animal 934', '61', '4181');
insert into animal(animal_id, owner_id, animal_type_id, name, age, weight) values (935, 5, 5, 'Animal 935', '51', '4931');
insert into animal(animal_id, owner_id, animal_type_id, name, age, weight) values (936, 6, 6, 'Animal 936', '411', '2441');
insert into animal(animal_id, owner_id, animal_type_id, name, age, weight) values (937, 7, 7, 'Animal 937', '271', '2521');
insert into animal(animal_id, owner_id, animal_type_id, name, age, weight) values (938, 8, 8, 'Animal 938', '21', '1261');
insert into animal(animal_id, owner_id, animal_type_id, name, age, weight) values (939, 9, 9, 'Animal 939', '251', '2821');
insert into animal(animal_id, owner_id, animal_type_id, name, age, weight) values (940, 10, 10, 'Animal 940', '491', '1491');
insert into animal(animal_id, owner_id, animal_type_id, name, age, weight) values (941, 1, 1, 'Animal 941', '331', '4201');
insert into animal(animal_id, owner_id, animal_type_id, name, age, weight) values (942, 2, 2, 'Animal 942', '451', '2381');
insert into animal(animal_id, owner_id, animal_type_id, name, age, weight) values (943, 3, 3, 'Animal 943', '361', '2381');
insert into animal(animal_id, owner_id, animal_type_id, name, age, weight) values (944, 4, 4, 'Animal 944', '271', '2761');
insert into animal(animal_id, owner_id, animal_type_id, name, age, weight) values (945, 5, 5, 'Animal 945', '281', '4281');
insert into animal(animal_id, owner_id, animal_type_id, name, age, weight) values (946, 6, 6, 'Animal 946', '91', '1861');
insert into animal(animal_id, owner_id, animal_type_id, name, age, weight) values (947, 7, 7, 'Animal 947', '381', '2971');
insert into animal(animal_id, owner_id, animal_type_id, name, age, weight) values (948, 8, 8, 'Animal 948', '371', '2931');
insert into animal(animal_id, owner_id, animal_type_id, name, age, weight) values (949, 9, 9, 'Animal 949', '561', '1281');
insert into animal(animal_id, owner_id, animal_type_id, name, age, weight) values (950, 10, 10, 'Animal 950', '381', '4521');
insert into animal(animal_id, owner_id, animal_type_id, name, age, weight) values (951, 1, 1, 'Animal 951', '111', '1931');
insert into animal(animal_id, owner_id, animal_type_id, name, age, weight) values (952, 2, 2, 'Animal 952', '581', '3141');
insert into animal(animal_id, owner_id, animal_type_id, name, age, weight) values (953, 3, 3, 'Animal 953', '411', '4741');
insert into animal(animal_id, owner_id, animal_type_id, name, age, weight) values (954, 4, 4, 'Animal 954', '91', '2701');
insert into animal(animal_id, owner_id, animal_type_id, name, age, weight) values (955, 5, 5, 'Animal 955', '411', '71');
insert into animal(animal_id, owner_id, animal_type_id, name, age, weight) values (956, 6, 6, 'Animal 956', '311', '2291');
insert into animal(animal_id, owner_id, animal_type_id, name, age, weight) values (957, 7, 7, 'Animal 957', '101', '2261');
insert into animal(animal_id, owner_id, animal_type_id, name, age, weight) values (958, 8, 8, 'Animal 958', '181', '71');
insert into animal(animal_id, owner_id, animal_type_id, name, age, weight) values (959, 9, 9, 'Animal 959', '71', '931');
insert into animal(animal_id, owner_id, animal_type_id, name, age, weight) values (960, 10, 10, 'Animal 960', '131', '2641');
insert into animal(animal_id, owner_id, animal_type_id, name, age, weight) values (961, 1, 1, 'Animal 961', '361', '1391');
insert into animal(animal_id, owner_id, animal_type_id, name, age, weight) values (962, 2, 2, 'Animal 962', '51', '481');
insert into animal(animal_id, owner_id, animal_type_id, name, age, weight) values (963, 3, 3, 'Animal 963', '461', '591');
insert into animal(animal_id, owner_id, animal_type_id, name, age, weight) values (964, 4, 4, 'Animal 964', '151', '2071');
insert into animal(animal_id, owner_id, animal_type_id, name, age, weight) values (965, 5, 5, 'Animal 965', '121', '2911');
insert into animal(animal_id, owner_id, animal_type_id, name, age, weight) values (966, 6, 6, 'Animal 966', '581', '4071');
insert into animal(animal_id, owner_id, animal_type_id, name, age, weight) values (967, 7, 7, 'Animal 967', '331', '3821');
insert into animal(animal_id, owner_id, animal_type_id, name, age, weight) values (968, 8, 8, 'Animal 968', '101', '2191');
insert into animal(animal_id, owner_id, animal_type_id, name, age, weight) values (969, 9, 9, 'Animal 969', '401', '2731');
insert into animal(animal_id, owner_id, animal_type_id, name, age, weight) values (970, 10, 10, 'Animal 970', '391', '2231');
insert into animal(animal_id, owner_id, animal_type_id, name, age, weight) values (971, 1, 1, 'Animal 971', '431', '1421');
insert into animal(animal_id, owner_id, animal_type_id, name, age, weight) values (972, 2, 2, 'Animal 972', '441', '261');
insert into animal(animal_id, owner_id, animal_type_id, name, age, weight) values (973, 3, 3, 'Animal 973', '151', '1771');
insert into animal(animal_id, owner_id, animal_type_id, name, age, weight) values (974, 4, 4, 'Animal 974', '291', '1451');
insert into animal(animal_id, owner_id, animal_type_id, name, age, weight) values (975, 5, 5, 'Animal 975', '31', '4871');
insert into animal(animal_id, owner_id, animal_type_id, name, age, weight) values (976, 6, 6, 'Animal 976', '431', '591');
insert into animal(animal_id, owner_id, animal_type_id, name, age, weight) values (977, 7, 7, 'Animal 977', '11', '4691');
insert into animal(animal_id, owner_id, animal_type_id, name, age, weight) values (978, 8, 8, 'Animal 978', '391', '1931');
insert into animal(animal_id, owner_id, animal_type_id, name, age, weight) values (979, 9, 9, 'Animal 979', '451', '3481');
insert into animal(animal_id, owner_id, animal_type_id, name, age, weight) values (980, 10, 10, 'Animal 980', '221', '1961');
insert into animal(animal_id, owner_id, animal_type_id, name, age, weight) values (981, 1, 1, 'Animal 981', '591', '4331');
insert into animal(animal_id, owner_id, animal_type_id, name, age, weight) values (982, 2, 2, 'Animal 982', '471', '5051');
insert into animal(animal_id, owner_id, animal_type_id, name, age, weight) values (983, 3, 3, 'Animal 983', '461', '3751');
insert into animal(animal_id, owner_id, animal_type_id, name, age, weight) values (984, 4, 4, 'Animal 984', '371', '5871');
insert into animal(animal_id, owner_id, animal_type_id, name, age, weight) values (985, 5, 5, 'Animal 985', '11', '5931');
insert into animal(animal_id, owner_id, animal_type_id, name, age, weight) values (986, 6, 6, 'Animal 986', '31', '4541');
insert into animal(animal_id, owner_id, animal_type_id, name, age, weight) values (987, 7, 7, 'Animal 987', '131', '1741');
insert into animal(animal_id, owner_id, animal_type_id, name, age, weight) values (988, 8, 8, 'Animal 988', '521', '4571');
insert into animal(animal_id, owner_id, animal_type_id, name, age, weight) values (989, 9, 9, 'Animal 989', '41', '3861');
insert into animal(animal_id, owner_id, animal_type_id, name, age, weight) values (990, 10, 10, 'Animal 990', '81', '1271');
insert into animal(animal_id, owner_id, animal_type_id, name, age, weight) values (991, 1, 1, 'Animal 991', '481', '4431');
insert into animal(animal_id, owner_id, animal_type_id, name, age, weight) values (992, 2, 2, 'Animal 992', '311', '5771');
insert into animal(animal_id, owner_id, animal_type_id, name, age, weight) values (993, 3, 3, 'Animal 993', '521', '71');
insert into animal(animal_id, owner_id, animal_type_id, name, age, weight) values (994, 4, 4, 'Animal 994', '191', '2901');
insert into animal(animal_id, owner_id, animal_type_id, name, age, weight) values (995, 5, 5, 'Animal 995', '211', '2121');
insert into animal(animal_id, owner_id, animal_type_id, name, age, weight) values (996, 6, 6, 'Animal 996', '571', '2961');
insert into animal(animal_id, owner_id, animal_type_id, name, age, weight) values (997, 7, 7, 'Animal 997', '501', '4911');
insert into animal(animal_id, owner_id, animal_type_id, name, age, weight) values (998, 8, 8, 'Animal 998', '251', '3881');
insert into animal(animal_id, owner_id, animal_type_id, name, age, weight) values (999, 9, 9, 'Animal 999', '101', '5681');
insert into animal(animal_id, owner_id, animal_type_id, name, age, weight) values (1000, 10, 10, 'Animal 1000', '151', '1811');

insert into animal_type(animal_type_id, name, thumbnail) values (1, 'Animal type 1', 'Thumbnail 1');
insert into animal_type(animal_type_id, name, thumbnail) values (2, 'Animal type 2', 'Thumbnail 2');
insert into animal_type(animal_type_id, name, thumbnail) values (3, 'Animal type 3', 'Thumbnail 3');
insert into animal_type(animal_type_id, name, thumbnail) values (4, 'Animal type 4', 'Thumbnail 4');
insert into animal_type(animal_type_id, name, thumbnail) values (5, 'Animal type 5', 'Thumbnail 5');
insert into animal_type(animal_type_id, name, thumbnail) values (6, 'Animal type 6', 'Thumbnail 6');
insert into animal_type(animal_type_id, name, thumbnail) values (7, 'Animal type 7', 'Thumbnail 7');
insert into animal_type(animal_type_id, name, thumbnail) values (8, 'Animal type 8', 'Thumbnail 8');
insert into animal_type(animal_type_id, name, thumbnail) values (9, 'Animal type 9', 'Thumbnail 9');
insert into animal_type(animal_type_id, name, thumbnail) values (10, 'Animal type 10', 'Thumbnail 10');

insert into food(food_id, name, value) values (1, 'Name of food 1', 1);
insert into food(food_id, name, value) values (2, 'Name of food 2', 2);
insert into food(food_id, name, value) values (3, 'Name of food 3', 3);
insert into food(food_id, name, value) values (4, 'Name of food 4', 4);
insert into food(food_id, name, value) values (5, 'Name of food 5', 5);
insert into food(food_id, name, value) values (6, 'Name of food 6', 6);
insert into food(food_id, name, value) values (7, 'Name of food 7', 7);
insert into food(food_id, name, value) values (8, 'Name of food 8', 8);
insert into food(food_id, name, value) values (9, 'Name of food 9', 9);
insert into food(food_id, name, value) values (10, 'Name of food 10', 10);

insert into game(game_id, name, value) values (1, 'Name of game 1', 1);
insert into game(game_id, name, value) values (2, 'Name of game 2', 2);
insert into game(game_id, name, value) values (3, 'Name of game 3', 3);
insert into game(game_id, name, value) values (4, 'Name of game 4', 4);
insert into game(game_id, name, value) values (5, 'Name of game 5', 5);
insert into game(game_id, name, value) values (6, 'Name of game 6', 6);
insert into game(game_id, name, value) values (7, 'Name of game 7', 7);
insert into game(game_id, name, value) values (8, 'Name of game 8', 8);
insert into game(game_id, name, value) values (9, 'Name of game 9', 9);
insert into game(game_id, name, value) values (10, 'Name of game 10', 10);

insert into intervention(intervention_id, name, value) values (1, 'Name of intervention 1', 1);
insert into intervention(intervention_id, name, value) values (2, 'Name of intervention 2', 2);
insert into intervention(intervention_id, name, value) values (3, 'Name of intervention 3', 3);
insert into intervention(intervention_id, name, value) values (4, 'Name of intervention 4', 4);
insert into intervention(intervention_id, name, value) values (5, 'Name of intervention 5', 5);
insert into intervention(intervention_id, name, value) values (6, 'Name of intervention 6', 6);
insert into intervention(intervention_id, name, value) values (7, 'Name of intervention 7', 7);
insert into intervention(intervention_id, name, value) values (8, 'Name of intervention 8', 8);
insert into intervention(intervention_id, name, value) values (9, 'Name of intervention 9', 9);
insert into intervention(intervention_id, name, value) values (10, 'Name of intervention 10', 10);

insert into animal_type_food(animal_type_id, food_id) values (1, 1);
insert into animal_type_food(animal_type_id, food_id) values (2, 2);
insert into animal_type_food(animal_type_id, food_id) values (3, 3);
insert into animal_type_food(animal_type_id, food_id) values (4, 4);
insert into animal_type_food(animal_type_id, food_id) values (5, 5);
insert into animal_type_food(animal_type_id, food_id) values (6, 6);
insert into animal_type_food(animal_type_id, food_id) values (7, 7);
insert into animal_type_food(animal_type_id, food_id) values (8, 8);
insert into animal_type_food(animal_type_id, food_id) values (9, 9);
insert into animal_type_food(animal_type_id, food_id) values (10, 10);

insert into animal_type_game(animal_type_id, game_id) values (1, 1);
insert into animal_type_game(animal_type_id, game_id) values (2, 2);
insert into animal_type_game(animal_type_id, game_id) values (3, 3);
insert into animal_type_game(animal_type_id, game_id) values (4, 4);
insert into animal_type_game(animal_type_id, game_id) values (5, 5);
insert into animal_type_game(animal_type_id, game_id) values (6, 6);
insert into animal_type_game(animal_type_id, game_id) values (7, 7);
insert into animal_type_game(animal_type_id, game_id) values (8, 8);
insert into animal_type_game(animal_type_id, game_id) values (9, 9);
insert into animal_type_game(animal_type_id, game_id) values (10, 10);

insert into animal_type_intervention(animal_type_id, intervention_id) values (1, 1);
insert into animal_type_intervention(animal_type_id, intervention_id) values (2, 2);
insert into animal_type_intervention(animal_type_id, intervention_id) values (3, 3);
insert into animal_type_intervention(animal_type_id, intervention_id) values (4, 4);
insert into animal_type_intervention(animal_type_id, intervention_id) values (5, 5);
insert into animal_type_intervention(animal_type_id, intervention_id) values (6, 6);
insert into animal_type_intervention(animal_type_id, intervention_id) values (7, 7);
insert into animal_type_intervention(animal_type_id, intervention_id) values (8, 8);
insert into animal_type_intervention(animal_type_id, intervention_id) values (9, 9);
insert into animal_type_intervention(animal_type_id, intervention_id) values (10, 10);
